Workbook

Sheet CUEs
B2: =INT(ROW()/56)+1 -> 1 | C2: Q: | D2: ="w1_"&TEXT(B2,"0000") -> w1_0001 | F2: 1 | G2: 2 | H2: 3 | I2: 4 | J2: 5 | K2: 6 | L2: 7 | M2: 8 | N2: 9 | O2: 10 | P2: 11 | Q2: 12 | R2: 13 | S2: 14 | T2: 15 | U2: 16 | V2: 17
B3: Col Off | C3: Gray | D3: DCA #: | F3: ="#D1" -> #D1 | G3: ="#D2" -> #D2 | H3: ="#D3" -> #D3 | I3: ="#D4" -> #D4 | J3: ="#D5" -> #D5 | K3: ="#D6" -> #D6 | L3: ="#D7" -> #D7 | M3: ="#D8" -> #D8 | N3: ="#D9" -> #D9 | O3: ="#D10" -> #D10 | P3: ="#D11" -> #D11 | Q3: ="#D12" -> #D12 | R3: ="#D13" -> #D13 | S3: ="#D14" -> #D14 | T3: ="#D15" -> #D15 | U3: ="#D16" -> #D16 | V3: =""
B4: AMX on | C4: x | D4: Color if On: | F4: Yellow | G4: MediumB | H4: BrightB | I4: Violet | J4: Turquoise | K4: Green | L4: OliveG | M4: Yellow | N4: Brown | O4: Red | P4: Coral | Q4: Pink | R4: DarkV | S4: Gold | T4: LightB | U4: Tangerine | V4: White
B6: AMY on | C6: x | D6: Name: | F6: LEADS | G6: FlotJet | H6: Sail | I6: Sisters | J6: Maids | K6: LeeWind | L6: PrRaJen | M6: . | N6: . | O6: . | P6: OS | Q6: VOX+.VRB | R6: VOX_.VRB | S6: INST+.VRB | T6: INST_.VRB | U6: MAINS | V6: x
F7: =COUNTA(F9:F48) -> 3 | G7: =COUNTA(G9:G48) -> 0 | H7: =COUNTA(H9:H48) -> 0 | I7: =COUNTA(I9:I48) -> 0 | J7: =COUNTA(J9:J48) -> 1 | K7: =COUNTA(K9:K48) -> 1 | L7: =COUNTA(L9:L48) -> 1 | M7: =COUNTA(M9:M48) -> 2 | ... U7: =COUNTA(U9:U48) -> 1 | V7: =40-COUNTBLANK(V9:V48) -> 24
A8: # | B8: AMIxy | C8: OnX | D8: Name | W8: color and tag column | X8: colorname | Y8: color number | Z8: TAG | AA8: usecolor | AB8: COLOR AND MUTE | AC8: TAGS | AD8: NAMES | AE8: POSTINS and Mode | AF8: DCA NAME and COLOR
A9: 1 | B9: x | C9: x | D9: CAROLINE.ariel | E9: =COUNTA(F9:U9) -> 1 | M9: x | V9: =IF(E9=0,"x","") | W9: =_xlfn.XMATCH("x",F9:V9) -> 8 | X9: {=INDEX(F4:V4,W9)} -> Yellow | Y9: =_xlfn.XLOOKUP(X9,refs!$A$2:$A$19,refs!$B$2:$B$19) -> 7 | Z9: {=INDEX($F$3:$V$3,W9)} -> #D8 | AA9: =IF(C9="x",Y9,_xlfn.XLOOKUP(C3,refs!$A$2:$A$19,refs!$B$2:$B$19)) -> 7 | AB9: ="/ch."&A9&".col="&AA9&",mute="&IF(C9="x",0,1)&"," -> /ch.1.col=7,mute=0, | AC9: ="/ch."&A9&".tags="&Z9&"," -> /ch.1.tags=#D8, | AD9: ="/ch."&A9&".name="&LEFT(D9,16)&"," -> /ch.1.name=CAROLINE.ariel, | AE9: ="/ch."&A9&".postins.on="&IF(B9="x",1,IF(B9="y",1,0))&",mode="&IF(B9="x","AUTO_X",IF(B9="y","AUTO_Y","FX"))&"," -> /ch.1.postins.on=1,mode=AUTO_X, | AF9: ="/dca."&F$2&".col="&_xlfn.XLOOKUP(F$4,refs!$A$2:$A$19,refs!$B$2:$B$19)&",name="&LEFT(F$6,16)&"," -> /dca.1.col=7,name=LEADS,
A10: 2 | B10: x | C10: x | D10: GABE.eric | E10: =COUNTA(F10:U10) -> 1 | F10: x | V10: =IF(E10=0,"x","") | W10: =_xlfn.XMATCH("x",F10:V10) -> 1 | X10: {=INDEX(F4:V4,W10)} -> Yellow | Y10: =_xlfn.XLOOKUP(X10,refs!$A$2:$A$19,refs!$B$2:$B$19) -> 7 | Z10: {=INDEX($F$3:$V$3,W10)} -> #D1 | AA10: =IF(C10="x",Y10,_xlfn.XLOOKUP(C3,refs!$A$2:$A$19,refs!$B$2:$B$19)) -> 7 | AB10: ="."&A10&".col="&AA10&",mute="&IF(C10="x",0,1)&"," -> .2.col=7,mute=0, | AC10: ="."&A10&".tags="&Z10&"," -> .2.tags=#D1, | AD10: ="."&A10&".name="&LEFT(D10,166)&"," -> .2.name=GABE.eric, | AE10: =".."&A10&".postins.on="&IF(B10="x",1,IF(B10="y",1,0))&",mode="&IF(B10="x","AUTO_X",IF(B10="y","AUTO_Y","FX"))&"," -> ..2.postins.on=1,mode=AUTO_X, | AF10: ="."&G$2&".col="&_xlfn.XLOOKUP(G$4,refs!$A$2:$A$19,refs!$B$2:$B$19)&",name="&LEFT(G$6,16)&"," -> .2.col=1,name=FlotJet,
A11: 3 | B11: x | C11: x | D11: KEITH.grimsby | E11: =COUNTA(F11:U11) -> 1 | F11: x | V11: =IF(E11=0,"x","") | W11: =_xlfn.XMATCH("x",F11:V11) -> 1 | X11: {=INDEX(F4:V4,W11)} -> Yellow | Y11: =_xlfn.XLOOKUP(X11,refs!$A$2:$A$19,refs!$B$2:$B$19) -> 7 | Z11: {=INDEX($F$3:$V$3,W11)} -> #D1 | AA11: =IF(C11="x",Y11,_xlfn.XLOOKUP(C3,refs!$A$2:$A$19,refs!$B$2:$B$19)) -> 7 | AB11: ="."&A11&".col="&AA11&",mute="&IF(C11="x",0,1)&"," -> .3.col=7,mute=0, | AC11: ="."&A11&".tags="&Z11&"," -> .3.tags=#D1, | AD11: ="."&A11&".name="&LEFT(D11,16)&"," -> .3.name=KEITH.grimsby, | AE11: =".."&A11&".postins.on="&IF(B11="x",1,IF(B11="y",1,0))&",mode="&IF(B11="x","AUTO_X",IF(B11="y","AUTO_Y","FX"))&"," -> ..3.postins.on=1,mode=AUTO_X, | AF11: ="."&H$2&".col="&_xlfn.XLOOKUP(H$4,refs!$A$2:$A$19,refs!$B$2:$B$19)&",name="&LEFT(H$6,16)&"," -> .3.col=2,name=Sail,
A12: 4 | C12: x | D12: CHADLEY.sebastian | E12: =COUNTA(F12:U12) -> 1 | F12: x | V12: =IF(E12=0,"x","") | W12: =_xlfn.XMATCH("x",F12:V12) -> 1 | X12: {=INDEX(F4:V4,W12)} -> Yellow | Y12: =_xlfn.XLOOKUP(X12,refs!$A$2:$A$19,refs!$B$2:$B$19) -> 7 | Z12: {=INDEX($F$3:$V$3,W12)} -> #D1 | AA12: =IF(C12="x",Y12,_xlfn.XLOOKUP(C3,refs!$A$2:$A$19,refs!$B$2:$B$19)) -> 7 | AB12: ="."&A12&".col="&AA12&",mute="&IF(C12="x",0,1)&"," -> .4.col=7,mute=0, | AC12: ="."&A12&".tags="&Z12&"," -> .4.tags=#D1, | AD12: ="."&A12&".name="&LEFT(D12,16)&"," -> .4.name=CHADLEY.sebastia, | AE12: =".."&A12&".postins.on="&IF(B12="x",1,IF(B12="y",1,0))&",mode="&IF(B12="x","AUTO_X",IF(B12="y","AUTO_Y","FX"))&"," -> ..4.postins.on=0,mode=FX, | AF12: ="."&I$2&".col="&_xlfn.XLOOKUP(I$4,refs!$A$2:$A$19,refs!$B$2:$B$19)&",name="&LEFT(I$6,16)&"," -> .4.col=3,name=Sisters,
A13: 5 | B13: x | C13: x | D13: ANNA.flounder | E13: =COUNTA(F13:U13) -> 1 | J13: x | V13: =IF(E13=0,"x","") | W13: =_xlfn.XMATCH("x",F13:V13) -> 5 | X13: {=INDEX(F4:V4,W13)} -> Turquoise | Y13: =_xlfn.XLOOKUP(X13,refs!$A$2:$A$19,refs!$B$2:$B$19) -> 4 | Z13: {=INDEX($F$3:$V$3,W13)} -> #D5 | AA13: =IF(C13="x",Y13,_xlfn.XLOOKUP(C3,refs!$A$2:$A$19,refs!$B$2:$B$19)) -> 4 | AB13: ="."&A13&".col="&AA13&",mute="&IF(C13="x",0,1)&"," -> .5.col=4,mute=0, | AC13: ="."&A13&".tags="&Z13&"," -> .5.tags=#D5, | AD13: ="."&A13&".name="&LEFT(D13,16)&"," -> .5.name=ANNA.flounder, | AE13: =".."&A13&".postins.on="&IF(B13="x",1,IF(B13="y",1,0))&",mode="&IF(B13="x","AUTO_X",IF(B13="y","AUTO_Y","FX"))&"," -> ..5.postins.on=1,mode=AUTO_X, | AF13: ="."&J$2&".col="&_xlfn.XLOOKUP(J$4,refs!$A$2:$A$19,refs!$B$2:$B$19)&",name="&LEFT(J$6,16)&"," -> .5.col=4,name=Maids,
A14: 6 | B14: x | C14: x | D14: MARGERY.ursula | E14: =COUNTA(F14:U14) -> 1 | K14: x | V14: =IF(E14=0,"x","") | W14: =_xlfn.XMATCH("x",F14:V14) -> 6 | X14: {=INDEX(F4:V4,W14)} -> Green | Y14: =_xlfn.XLOOKUP(X14,refs!$A$2:$A$19,refs!$B$2:$B$19) -> 5 | Z14: {=INDEX($F$3:$V$3,W14)} -> #D6 | AA14: =IF(C14="x",Y14,_xlfn.XLOOKUP(C3,refs!$A$2:$A$19,refs!$B$2:$B$19)) -> 5 | AB14: ="."&A14&".col="&AA14&",mute="&IF(C14="x",0,1)&"," -> .6.col=5,mute=0, | AC14: ="."&A14&".tags="&Z14&"," -> .6.tags=#D6, | AD14: ="."&A14&".name="&LEFT(D14,16)&"," -> .6.name=MARGERY.ursula, | AE14: =".."&A14&".postins.on="&IF(B14="x",1,IF(B14="y",1,0))&",mode="&IF(B14="x","AUTO_X",IF(B14="y","AUTO_Y","FX"))&"," -> ..6.postins.on=1,mode=AUTO_X, | AF14: ="."&K$2&".col="&_xlfn.XLOOKUP(K$4,refs!$A$2:$A$19,refs!$B$2:$B$19)&",name="&LEFT(K$6,16)&"," -> .6.col=5,name=LeeWind,
A15: 7 | B15: x | C15: x | D15: JOHN.triton | E15: =COUNTA(F15:U15) -> 1 | L15: x | V15: =IF(E15=0,"x","") | W15: =_xlfn.XMATCH("x",F15:V15) -> 7 | X15: {=INDEX(F4:V4,W15)} -> OliveG | Y15: =_xlfn.XLOOKUP(X15,refs!$A$2:$A$19,refs!$B$2:$B$19) -> 6 | Z15: {=INDEX($F$3:$V$3,W15)} -> #D7 | AA15: =IF(C15="x",Y15,_xlfn.XLOOKUP(C3,refs!$A$2:$A$19,refs!$B$2:$B$19)) -> 6 | AB15: ="."&A15&".col="&AA15&",mute="&IF(C15="x",0,1)&"," -> .7.col=6,mute=0, | AC15: ="."&A15&".tags="&Z15&"," -> .7.tags=#D7, | AD15: ="."&A15&".name="&LEFT(D15,16)&"," -> .7.name=JOHN.triton, | AE15: =".."&A15&".postins.on="&IF(B15="x",1,IF(B15="y",1,0))&",mode="&IF(B15="x","AUTO_X",IF(B15="y","AUTO_Y","FX"))&"," -> ..7.postins.on=1,mode=AUTO_X, | AF15: ="."&L$2&".col="&_xlfn.XLOOKUP(L$4,refs!$A$2:$A$19,refs!$B$2:$B$19)&",name="&LEFT(L$6,16)&"," -> .7.col=6,name=PrRaJen,
A16: 8 | B16: x | C16: x | D16: JUDAH.chefL | E16: =COUNTA(F16:U16) -> 1 | M16: x | V16: =IF(E16=0,"x","") | W16: =_xlfn.XMATCH("x",F16:V16) -> 8 | X16: {=INDEX(F4:V4,W16)} -> Yellow | Y16: =_xlfn.XLOOKUP(X16,refs!$A$2:$A$19,refs!$B$2:$B$19) -> 7 | Z16: {=INDEX($F$3:$V$3,W16)} -> #D8 | AA16: =IF(C16="x",Y16,_xlfn.XLOOKUP(C3,refs!$A$2:$A$19,refs!$B$2:$B$19)) -> 7 | AB16: ="."&A16&".col="&AA16&",mute="&IF(C16="x",0,1)&"," -> .8.col=7,mute=0, | AC16: ="."&A16&".tags="&Z16&"," -> .8.tags=#D8, | AD16: ="."&A16&".name="&LEFT(D16,16)&"," -> .8.name=JUDAH.chefL, | AE16: =".."&A16&".postins.on="&IF(B16="x",1,IF(B16="y",1,0))&",mode="&IF(B16="x","AUTO_X",IF(B16="y","AUTO_Y","FX"))&"," -> ..8.postins.on=1,mode=AUTO_X, | AF16: ="."&M$2&".col="&_xlfn.XLOOKUP(M$4,refs!$A$2:$A$19,refs!$B$2:$B$19)&",name="&LEFT(M$6,16)&"," -> .8.col=7,name=.,
A17: 9 | B17: x | C17: x | D17: BRIDGET.scuttle | E17: =COUNTA(F17:U17) -> 1 | N17: x | V17: =IF(E17=0,"x","") | W17: =_xlfn.XMATCH("x",F17:V17) -> 9 | X17: {=INDEX(F4:V4,W17)} -> Brown | Y17: =_xlfn.XLOOKUP(X17,refs!$A$2:$A$19,refs!$B$2:$B$19) -> 8 | Z17: {=INDEX($F$3:$V$3,W17)} -> #D9 | AA17: =IF(C17="x",Y17,_xlfn.XLOOKUP(C3,refs!$A$2:$A$19,refs!$B$2:$B$19)) -> 8 | AB17: ="."&A17&".col="&AA17&",mute="&IF(C17="x",0,1)&"," -> .9.col=8,mute=0, | AC17: ="."&A17&".tags="&Z17&"," -> .9.tags=#D9, | AD17: ="."&A17&".name="&LEFT(D17,16)&"," -> .9.name=BRIDGET.scuttle, | AE17: =".."&A17&".postins.on="&IF(B17="x",1,IF(B17="y",1,0))&",mode="&IF(B17="x","AUTO_X",IF(B17="y","AUTO_Y","FX"))&"," -> ..9.postins.on=1,mode=AUTO_X, | AF17: ="."&N$2&".col="&_xlfn.XLOOKUP(N$4,refs!$A$2:$A$19,refs!$B$2:$B$19)&",name="&LEFT(N$6,16)&"," -> .9.col=8,name=.,
A18: 10 | B18: x | C18: x | D18: DYLAN.flotsam | E18: =COUNTA(F18:U18) -> 1 | O18: x | V18: =IF(E18=0,"x","") | W18: =_xlfn.XMATCH("x",F18:V18) -> 10 | X18: {=INDEX(F4:V4,W18)} -> Red | Y18: =_xlfn.XLOOKUP(X18,refs!$A$2:$A$19,refs!$B$2:$B$19) -> 9 | Z18: {=INDEX($F$3:$V$3,W18)} -> #D10 | AA18: =IF(C18="x",Y18,_xlfn.XLOOKUP(C3,refs!$A$2:$A$19,refs!$B$2:$B$19)) -> 9 | AB18: ="."&A18&".col="&AA18&",mute="&IF(C18="x",0,1)&"," -> .10.col=9,mute=0, | AC18: ="."&A18&".tags="&Z18&"," -> .10.tags=#D10, | AD18: ="."&A18&".name="&LEFT(D18,16)&"," -> .10.name=DYLAN.flotsam, | AE18: =".."&A18&".postins.on="&IF(B18="x",1,IF(B18="y",1,0))&",mode="&IF(B18="x","AUTO_X",IF(B18="y","AUTO_Y","FX"))&"," -> ..10.postins.on=1,mode=AUTO_X, | AF18: ="."&O$2&".col="&_xlfn.XLOOKUP(O$4,refs!$A$2:$A$19,refs!$B$2:$B$19)&",name="&LEFT(O$6,16)&"," -> .10.col=9,name=.,
A19: 11 | B19: x | C19: x | D19: ELIJAH.jetsam | E19: =COUNTA(F19:U19) -> 1 | P19: x | V19: =IF(E19=0,"x","") | W19: =_xlfn.XMATCH("x",F19:V19) -> 11 | X19: {=INDEX(F4:V4,W19)} -> Coral | Y19: =_xlfn.XLOOKUP(X19,refs!$A$2:$A$19,refs!$B$2:$B$19) -> 10 | Z19: {=INDEX($F$3:$V$3,W19)} -> #D11 | AA19: =IF(C19="x",Y19,_xlfn.XLOOKUP(C3,refs!$A$2:$A$19,refs!$B$2:$B$19)) -> 10 | AB19: ="."&A19&".col="&AA19&",mute="&IF(C19="x",0,1)&"," -> .11.col=10,mute=0, | AC19: ="."&A19&".tags="&Z19&"," -> .11.tags=#D11, | AD19: ="."&A19&".name="&LEFT(D19,16)&"," -> .11.name=ELIJAH.jetsam, | AE19: =".."&A19&".postins.on="&IF(B19="x",1,IF(B19="y",1,0))&",mode="&IF(B19="x","AUTO_X",IF(B19="y","AUTO_Y","FX"))&"," -> ..11.postins.on=1,mode=AUTO_X, | AF19: ="."&P$2&".col="&_xlfn.XLOOKUP(P$4,refs!$A$2:$A$19,refs!$B$2:$B$19)&",name="&LEFT(P$6,16)&"," -> .11.col=10,name=OS,
A20: 12 | B20: x | C20: x | D20: SYR.pilot | E20: =COUNTA(F20:U20) -> 1 | Q20: x | V20: =IF(E20=0,"x","") | W20: =_xlfn.XMATCH("x",F20:V20) -> 12 | X20: {=INDEX(F4:V4,W20)} -> Pink | Y20: =_xlfn.XLOOKUP(X20,refs!$A$2:$A$19,refs!$B$2:$B$19) -> 11 | Z20: {=INDEX($F$3:$V$3,W20)} -> #D12 | AA20: =IF(C20="x",Y20,_xlfn.XLOOKUP(C3,refs!$A$2:$A$19,refs!$B$2:$B$19)) -> 11 | AB20: ="."&A20&".col="&AA20&",mute="&IF(C20="x",0,1)&"," -> .12.col=11,mute=0, | AC20: ="."&A20&".tags="&Z20&"," -> .12.tags=#D12, | AD20: ="."&A20&".name="&LEFT(D20,16)&"," -> .12.name=SYR.pilot, | AE20: =".."&A20&".postins.on="&IF(B20="x",1,IF(B20="y",1,0))&",mode="&IF(B20="x","AUTO_X",IF(B20="y","AUTO_Y","FX"))&"," -> ..12.postins.on=1,mode=AUTO_X, | AF20: ="."&Q$2&".col="&_xlfn.XLOOKUP(Q$4,refs!$A$2:$A$19,refs!$B$2:$B$19)&",name="&LEFT(Q$6,16)&"," -> .12.col=11,name=VOX+.VRB,
A21: 13 | B21: y | C21: x | D21: KATELYN.aquata | E21: =COUNTA(F21:U21) -> 1 | R21: x | V21: =IF(E21=0,"x","") | W21: =_xlfn.XMATCH("x",F21:V21) -> 13 | X21: {=INDEX(F4:V4,W21)} -> DarkV | Y21: =_xlfn.XLOOKUP(X21,refs!$A$2:$A$19,refs!$B$2:$B$19) -> 12 | Z21: {=INDEX($F$3:$V$3,W21)} -> #D13 | AA21: =IF(C21="x",Y21,_xlfn.XLOOKUP(C3,refs!$A$2:$A$19,refs!$B$2:$B$19)) -> 12 | AB21: ="."&A21&".col="&AA21&",mute="&IF(C21="x",0,1)&"," -> .13.col=12,mute=0, | AC21: ="."&A21&".tags="&Z21&"," -> .13.tags=#D13, | AD21: ="."&A21&".name="&LEFT(D21,16)&"," -> .13.name=KATELYN.aquata, | AE21: =".."&A21&".postins.on="&IF(B21="x",1,IF(B21="y",1,0))&",mode="&IF(B21="x","AUTO_X",IF(B21="y","AUTO_Y","FX"))&"," -> ..13.postins.on=1,mode=AUTO_Y, | AF21: ="."&R$2&".col="&_xlfn.XLOOKUP(R$4,refs!$A$2:$A$19,refs!$B$2:$B$19)&",name="&LEFT(R$6,16)&"," -> .13.col=12,name=VOX_.VRB,
A22: 14 | B22: y | C22: x | D22: NADJA.adrina | E22: =COUNTA(F22:U22) -> 1 | S22: x | V22: =IF(E22=0,"x","") | W22: =_xlfn.XMATCH("x",F22:V22) -> 14 | X22: {=INDEX(F4:V4,W22)} -> Gold | Y22: =_xlfn.XLOOKUP(X22,refs!$A$2:$A$19,refs!$B$2:$B$19) -> 13 | Z22: {=INDEX($F$3:$V$3,W22)} -> #D14 | AA22: =IF(C22="x",Y22,_xlfn.XLOOKUP(C3,refs!$A$2:$A$19,refs!$B$2:$B$19)) -> 13 | AB22: ="."&A22&".col="&AA22&",mute="&IF(C22="x",0,1)&"," -> .14.col=13,mute=0, | AC22: ="."&A22&".tags="&Z22&"," -> .14.tags=#D14, | AD22: ="."&A22&".name="&LEFT(D22,16)&"," -> .14.name=NADJA.adrina, | AE22: =".."&A22&".postins.on="&IF(B22="x",1,IF(B22="y",1,0))&",mode="&IF(B22="x","AUTO_X",IF(B22="y","AUTO_Y","FX"))&"," -> ..14.postins.on=1,mode=AUTO_Y, | AF22: ="."&S$2&".col="&_xlfn.XLOOKUP(S$4,refs!$A$2:$A$19,refs!$B$2:$B$19)&",name="&LEFT(S$6,16)&"," -> .14.col=13,name=INST+.VRB,
A23: 15 | B23: y | C23: x | D23: RACHELP.arista | E23: =COUNTA(F23:U23) -> 1 | T23: x | V23: =IF(E23=0,"x","") | W23: =_xlfn.XMATCH("x",F23:V23) -> 15 | X23: {=INDEX(F4:V4,W23)} -> LightB | Y23: =_xlfn.XLOOKUP(X23,refs!$A$2:$A$19,refs!$B$2:$B$19) -> 14 | Z23: {=INDEX($F$3:$V$3,W23)} -> #D15 | AA23: =IF(C23="x",Y23,_xlfn.XLOOKUP(C3,refs!$A$2:$A$19,refs!$B$2:$B$19)) -> 14 | AB23: ="."&A23&".col="&AA23&",mute="&IF(C23="x",0,1)&"," -> .15.col=14,mute=0, | AC23: ="."&A23&".tags="&Z23&"," -> .15.tags=#D15, | AD23: ="."&A23&".name="&LEFT(D23,16)&"," -> .15.name=RACHELP.arista, | AE23: =".."&A23&".postins.on="&IF(B23="x",1,IF(B23="y",1,0))&",mode="&IF(B23="x","AUTO_X",IF(B23="y","AUTO_Y","FX"))&"," -> ..15.postins.on=1,mode=AUTO_Y, | AF23: ="."&T$2&".col="&_xlfn.XLOOKUP(T$4,refs!$A$2:$A$19,refs!$B$2:$B$19)&",name="&LEFT(T$6,16)&"," -> .15.col=14,name=INST_.VRB,
A24: 16 | B24: y | C24: x | D24: MAURA.atina | E24: =COUNTA(F24:U24) -> 1 | U24: x | V24: =IF(E24=0,"x","") | W24: =_xlfn.XMATCH("x",F24:V24) -> 16 | X24: {=INDEX(F4:V4,W24)} -> Tangerine | Y24: =_xlfn.XLOOKUP(X24,refs!$A$2:$A$19,refs!$B$2:$B$19) -> 15 | Z24: {=INDEX($F$3:$V$3,W24)} -> #D16 | AA24: =IF(C24="x",Y24,_xlfn.XLOOKUP(C3,refs!$A$2:$A$19,refs!$B$2:$B$19)) -> 15 | AB24: ="."&A24&".col="&AA24&",mute="&IF(C24="x",0,1)&"," -> .16.col=15,mute=0, | AC24: ="."&A24&".tags="&Z24&"," -> .16.tags=#D16, | AD24: ="."&A24&".name="&LEFT(D24,16)&"," -> .16.name=MAURA.atina, | AE24: =".."&A24&".postins.on="&IF(B24="x",1,IF(B24="y",1,0))&",mode="&IF(B24="x","AUTO_X",IF(B24="y","AUTO_Y","FX"))&"," -> ..16.postins.on=1,mode=AUTO_Y, | AF24: ="."&U$2&".col="&_xlfn.XLOOKUP(U$4,refs!$A$2:$A$19,refs!$B$2:$B$19)&",name="&LEFT(U$6,16)&"," -> .16.col=15,name=MAINS,
A25: 17 | C25: x | D25: JACKLYN.adella | E25: =COUNTA(F25:U25) -> 0 | V25: =IF(E25=0,"x","") -> x | W25: =_xlfn.XMATCH("x",F25:V25) -> 17 | X25: {=INDEX(F4:V4,W25)} -> White | Y25: =_xlfn.XLOOKUP(X25,refs!$A$2:$A$19,refs!$B$2:$B$19) -> 18 | Z25: {=INDEX($F$3:$V$3,W25)} | AA25: =IF(C25="x",Y25,_xlfn.XLOOKUP(C3,refs!$A$2:$A$19,refs!$B$2:$B$19)) -> 18 | AB25: ="."&A25&".col="&AA25&",mute="&IF(C25="x",0,1)&"," -> .17.col=18,mute=0, | AC25: ="."&A25&".tags="&Z25&"," -> .17.tags=, | AD25: ="."&A25&".name="&LEFT(D25,16)&"," -> .17.name=JACKLYN.adella, | AE25: =".."&A25&".postins.on="&IF(B25="x",1,IF(B25="y",1,0))&",mode="&IF(B25="x","AUTO_X",IF(B25="y","AUTO_Y","FX"))&"," -> ..17.postins.on=0,mode=FX, | AF25: ="/cfg.amix.x="&IF(C4="x",1,0)&",/cfg.amix.y="&IF(C6="x",1,0)&"," -> /cfg.amix.x=1,/cfg.amix.y=1,
A26: 18 | C26: x | D26: SARAH.allana | E26: =COUNTA(F26:U26) -> 0 | V26: =IF(E26=0,"x","") -> x | W26: =_xlfn.XMATCH("x",F26:V26) -> 17 | X26: {=INDEX(F4:V4,W26)} -> White | Y26: =_xlfn.XLOOKUP(X26,refs!$A$2:$A$19,refs!$B$2:$B$19) -> 18 | Z26: {=INDEX($F$3:$V$3,W26)} | AA26: =IF(C26="x",Y26,_xlfn.XLOOKUP(C3,refs!$A$2:$A$19,refs!$B$2:$B$19)) -> 18 | AB26: ="."&A26&".col="&AA26&",mute="&IF(C26="x",0,1)&"," -> .18.col=18,mute=0, | AC26: ="."&A26&".tags="&Z26&"," -> .18.tags=, | AD26: ="."&A26&".name="&LEFT(D26,16)&"," -> .18.name=SARAH.allana, | AE26: =".."&A26&".postins.on="&IF(B26="x",1,IF(B26="y",1,0))&",mode="&IF(B26="x","AUTO_X",IF(B26="y","AUTO_Y","FX"))&"," -> ..18.postins.on=0,mode=FX,
A27: 19 | C27: x | D27: REBECCA.maid | E27: =COUNTA(F27:U27) -> 0 | V27: =IF(E27=0,"x","") -> x | W27: =_xlfn.XMATCH("x",F27:V27) -> 17 | X27: {=INDEX(F4:V4,W27)} -> White | Y27: =_xlfn.XLOOKUP(X27,refs!$A$2:$A$19,refs!$B$2:$B$19) -> 18 | Z27: {=INDEX($F$3:$V$3,W27)} | AA27: =IF(C27="x",Y27,_xlfn.XLOOKUP(C3,refs!$A$2:$A$19,refs!$B$2:$B$19)) -> 18 | AB27: ="."&A27&".col="&AA27&",mute="&IF(C27="x",0,1)&"," -> .19.col=18,mute=0, | AC27: ="."&A27&".tags="&Z27&"," -> .19.tags=, | AD27: ="."&A27&".name="&LEFT(D27,16)&"," -> .19.name=REBECCA.maid, | AE27: =".."&A27&".postins.on="&IF(B27="x",1,IF(B27="y",1,0))&",mode="&IF(B27="x","AUTO_X",IF(B27="y","AUTO_Y","FX"))&"," -> ..19.postins.on=0,mode=FX,
A28: 20 | C28: x | D28: ANNIE.maid | E28: =COUNTA(F28:U28) -> 0 | V28: =IF(E28=0,"x","") -> x | W28: =_xlfn.XMATCH("x",F28:V28) -> 17 | X28: {=INDEX(F4:V4,W28)} -> White | Y28: =_xlfn.XLOOKUP(X28,refs!$A$2:$A$19,refs!$B$2:$B$19) -> 18 | Z28: {=INDEX($F$3:$V$3,W28)} | AA28: =IF(C28="x",Y28,_xlfn.XLOOKUP(C3,refs!$A$2:$A$19,refs!$B$2:$B$19)) -> 18 | AB28: ="."&A28&".col="&AA28&",mute="&IF(C28="x",0,1)&"," -> .20.col=18,mute=0, | AC28: ="."&A28&".tags="&Z28&"," -> .20.tags=, | AD28: ="."&A28&".name="&LEFT(D28,16)&"," -> .20.name=ANNIE.maid, | AE28: =".."&A28&".postins.on="&IF(B28="x",1,IF(B28="y",1,0))&",mode="&IF(B28="x","AUTO_X",IF(B28="y","AUTO_Y","FX"))&"," -> ..20.postins.on=0,mode=FX,
A29: 21 | C29: x | D29: KARA.maid | E29: =COUNTA(F29:U29) -> 0 | V29: =IF(E29=0,"x","") -> x | W29: =_xlfn.XMATCH("x",F29:V29) -> 17 | X29: {=INDEX(F4:V4,W29)} -> White | Y29: =_xlfn.XLOOKUP(X29,refs!$A$2:$A$19,refs!$B$2:$B$19) -> 18 | Z29: {=INDEX($F$3:$V$3,W29)} | AA29: =IF(C29="x",Y29,_xlfn.XLOOKUP(C3,refs!$A$2:$A$19,refs!$B$2:$B$19)) -> 18 | AB29: ="."&A29&".col="&AA29&",mute="&IF(C29="x",0,1)&"," -> .21.col=18,mute=0, | AC29: ="."&A29&".tags="&Z29&"," -> .21.tags=, | AD29: ="/ch."&A29&".name="&LEFT(D29,16)&"," -> /ch.21.name=KARA.maid, | AE29: ="/ch."&A29&".postins.on="&IF(B29="x",1,IF(B29="y",1,0))&",mode="&IF(B29="x","AUTO_X",IF(B29="y","AUTO_Y","FX"))&"," -> /ch.21.postins.on=0,mode=FX,
A30: 22 | C30: x | D30: GENEVIEVE.leeward | E30: =COUNTA(F30:U30) -> 0 | V30: =IF(E30=0,"x","") -> x | W30: =_xlfn.XMATCH("x",F30:V30) -> 17 | X30: {=INDEX(F4:V4,W30)} -> White | Y30: =_xlfn.XLOOKUP(X30,refs!$A$2:$A$19,refs!$B$2:$B$19) -> 18 | Z30: {=INDEX($F$3:$V$3,W30)} | AA30: =IF(C30="x",Y30,_xlfn.XLOOKUP(C3,refs!$A$2:$A$19,refs!$B$2:$B$19)) -> 18 | AB30: ="."&A30&".col="&AA30&",mute="&IF(C30="x",0,1)&"," -> .22.col=18,mute=0, | AC30: ="."&A30&".tags="&Z30&"," -> .22.tags=, | AD30: ="."&A30&".name="&LEFT(D30,16)&"," -> .22.name=GENEVIEVE.leewar, | AE30: =".."&A30&".postins.on="&IF(B30="x",1,IF(B30="y",1,0))&",mode="&IF(B30="x","AUTO_X",IF(B30="y","AUTO_Y","FX"))&"," -> ..22.postins.on=0,mode=FX,
A31: 23 | C31: x | D31: JOCELYN.windward | E31: =COUNTA(F31:U31) -> 0 | V31: =IF(E31=0,"x","") -> x | W31: =_xlfn.XMATCH("x",F31:V31) -> 17 | X31: {=INDEX(F4:V4,W31)} -> White | Y31: =_xlfn.XLOOKUP(X31,refs!$A$2:$A$19,refs!$B$2:$B$19) -> 18 | Z31: {=INDEX($F$3:$V$3,W31)} | AA31: =IF(C31="x",Y31,_xlfn.XLOOKUP(C3,refs!$A$2:$A$19,refs!$B$2:$B$19)) -> 18 | AB31: ="."&A31&".col="&AA31&",mute="&IF(C31="x",0,1)&"," -> .23.col=18,mute=0, | AC31: ="."&A31&".tags="&Z31&"," -> .23.tags=, | AD31: ="."&A31&".name="&LEFT(D31,16)&"," -> .23.name=JOCELYN.windward, | AE31: =".."&A31&".postins.on="&IF(B31="x",1,IF(B31="y",1,0))&",mode="&IF(B31="x","AUTO_X",IF(B31="y","AUTO_Y","FX"))&"," -> ..23.postins.on=0,mode=FX,
A32: 24 | D32: . | E32: =COUNTA(F32:U32) -> 0 | V32: =IF(E32=0,"x","") -> x | W32: =_xlfn.XMATCH("x",F32:V32) -> 17 | X32: {=INDEX(F4:V4,W32)} -> White | Y32: =_xlfn.XLOOKUP(X32,refs!$A$2:$A$19,refs!$B$2:$B$19) -> 18 | Z32: {=INDEX($F$3:$V$3,W32)} | AA32: =IF(C32="x",Y32,_xlfn.XLOOKUP(C3,refs!$A$2:$A$19,refs!$B$2:$B$19)) -> 17 | AB32: ="."&A32&".col="&AA32&",mute="&IF(C32="x",0,1)&"," -> .24.col=17,mute=1, | AC32: ="."&A32&".tags="&Z32&"," -> .24.tags=, | AD32: ="."&A32&".name="&LEFT(D32,16)&"," -> .24.name=., | AE32: =".."&A32&".postins.on="&IF(B32="x",1,IF(B32="y",1,0))&",mode="&IF(B32="x","AUTO_X",IF(B32="y","AUTO_Y","FX"))&"," -> ..24.postins.on=0,mode=FX,
A33: 25 | C33: x | D33: ROBERT.sail | E33: =COUNTA(F33:U33) -> 0 | V33: =IF(E33=0,"x","") -> x | W33: =_xlfn.XMATCH("x",F33:V33) -> 17 | X33: {=INDEX(F4:V4,W33)} -> White | Y33: =_xlfn.XLOOKUP(X33,refs!$A$2:$A$19,refs!$B$2:$B$19) -> 18 | Z33: {=INDEX($F$3:$V$3,W33)} | AA33: =IF(C33="x",Y33,_xlfn.XLOOKUP(C3,refs!$A$2:$A$19,refs!$B$2:$B$19)) -> 18 | AB33: ="."&A33&".col="&AA33&",mute="&IF(C33="x",0,1)&"," -> .25.col=18,mute=0, | AC33: ="."&A33&".tags="&Z33&"," -> .25.tags=, | AD33: ="."&A33&".name="&LEFT(D33,16)&"," -> .25.name=ROBERT.sail, | AE33: =".."&A33&".postins.on="&IF(B33="x",1,IF(B33="y",1,0))&",mode="&IF(B33="x","AUTO_X",IF(B33="y","AUTO_Y","FX"))&"," -> ..25.postins.on=0,mode=FX,
A34: 26 | C34: x | D34: TOM.sail | E34: =COUNTA(F34:U34) -> 0 | V34: =IF(E34=0,"x","") -> x | W34: =_xlfn.XMATCH("x",F34:V34) -> 17 | X34: {=INDEX(F4:V4,W34)} -> White | Y34: =_xlfn.XLOOKUP(X34,refs!$A$2:$A$19,refs!$B$2:$B$19) -> 18 | Z34: {=INDEX($F$3:$V$3,W34)} | AA34: =IF(C34="x",Y34,_xlfn.XLOOKUP(C3,refs!$A$2:$A$19,refs!$B$2:$B$19)) -> 18 | AB34: ="."&A34&".col="&AA34&",mute="&IF(C34="x",0,1)&"," -> .26.col=18,mute=0, | AC34: ="."&A34&".tags="&Z34&"," -> .26.tags=, | AD34: ="."&A34&".name="&LEFT(D34,16)&"," -> .26.name=TOM.sail, | AE34: =".."&A34&".postins.on="&IF(B34="x",1,IF(B34="y",1,0))&",mode="&IF(B34="x","AUTO_X",IF(B34="y","AUTO_Y","FX"))&"," -> ..26.postins.on=0,mode=FX,
A35: 27 | C35: x | D35: BILL.sail | E35: =COUNTA(F35:U35) -> 0 | V35: =IF(E35=0,"x","") -> x | W35: =_xlfn.XMATCH("x",F35:V35) -> 17 | X35: {=INDEX(F4:V4,W35)} -> White | Y35: =_xlfn.XLOOKUP(X35,refs!$A$2:$A$19,refs!$B$2:$B$19) -> 18 | Z35: {=INDEX($F$3:$V$3,W35)} | AA35: =IF(C35="x",Y35,_xlfn.XLOOKUP(C3,refs!$A$2:$A$19,refs!$B$2:$B$19)) -> 18 | AB35: ="."&A35&".col="&AA35&",mute="&IF(C35="x",0,1)&"," -> .27.col=18,mute=0, | AC35: ="."&A35&".tags="&Z35&"," -> .27.tags=, | AD35: ="."&A35&".name="&LEFT(D35,16)&"," -> .27.name=BILL.sail, | AE35: =".."&A35&".postins.on="&IF(B35="x",1,IF(B35="y",1,0))&",mode="&IF(B35="x","AUTO_X",IF(B35="y","AUTO_Y","FX"))&"," -> ..27.postins.on=0,mode=FX,
A36: 28 | C36: x | D36: DENNIS.sail | E36: =COUNTA(F36:U36) -> 0 | V36: =IF(E36=0,"x","") -> x | W36: =_xlfn.XMATCH("x",F36:V36) -> 17 | X36: {=INDEX(F4:V4,W36)} -> White | Y36: =_xlfn.XLOOKUP(X36,refs!$A$2:$A$19,refs!$B$2:$B$19) -> 18 | Z36: {=INDEX($F$3:$V$3,W36)} | AA36: =IF(C36="x",Y36,_xlfn.XLOOKUP(C3,refs!$A$2:$A$19,refs!$B$2:$B$19)) -> 18 | AB36: ="."&A36&".col="&AA36&",mute="&IF(C36="x",0,1)&"," -> .28.col=18,mute=0, | AC36: ="."&A36&".tags="&Z36&"," -> .28.tags=, | AD36: ="."&A36&".name="&LEFT(D36,16)&"," -> .28.name=DENNIS.sail, | AE36: =".."&A36&".postins.on="&IF(B36="x",1,IF(B36="y",1,0))&",mode="&IF(B36="x","AUTO_X",IF(B36="y","AUTO_Y","FX"))&"," -> ..28.postins.on=0,mode=FX,
A37: 29 | C37: x | D37: JOSHUA.sail | E37: =COUNTA(F37:U37) -> 0 | V37: =IF(E37=0,"x","") -> x | W37: =_xlfn.XMATCH("x",F37:V37) -> 17 | X37: {=INDEX(F4:V4,W37)} -> White | Y37: =_xlfn.XLOOKUP(X37,refs!$A$2:$A$19,refs!$B$2:$B$19) -> 18 | Z37: {=INDEX($F$3:$V$3,W37)} | AA37: =IF(C37="x",Y37,_xlfn.XLOOKUP(C3,refs!$A$2:$A$19,refs!$B$2:$B$19)) -> 18 | AB37: ="."&A37&".col="&AA37&",mute="&IF(C37="x",0,1)&"," -> .29.col=18,mute=0, | AC37: ="."&A37&".tags="&Z37&"," -> .29.tags=, | AD37: ="."&A37&".name="&LEFT(D37,16)&"," -> .29.name=JOSHUA.sail, | AE37: =".."&A37&".postins.on="&IF(B37="x",1,IF(B37="y",1,0))&",mode="&IF(B37="x","AUTO_X",IF(B37="y","AUTO_Y","FX"))&"," -> ..29.postins.on=0,mode=FX,
A38: 30 | C38: x | D38: RAY.sail | E38: =COUNTA(F38:U38) -> 0 | V38: =IF(E38=0,"x","") -> x | W38: =_xlfn.XMATCH("x",F38:V38) -> 17 | X38: {=INDEX(F4:V4,W38)} -> White | Y38: =_xlfn.XLOOKUP(X38,refs!$A$2:$A$19,refs!$B$2:$B$19) -> 18 | Z38: {=INDEX($F$3:$V$3,W38)} | AA38: =IF(C38="x",Y38,_xlfn.XLOOKUP(C3,refs!$A$2:$A$19,refs!$B$2:$B$19)) -> 18 | AB38: ="."&A38&".col="&AA38&",mute="&IF(C38="x",0,1)&"," -> .30.col=18,mute=0, | AC38: ="."&A38&".tags="&Z38&"," -> .30.tags=, | AD38: ="."&A38&".name="&LEFT(D38,16)&"," -> .30.name=RAY.sail, | AE38: =".."&A38&".postins.on="&IF(B38="x",1,IF(B38="y",1,0))&",mode="&IF(B38="x","AUTO_X",IF(B38="y","AUTO_Y","FX"))&"," -> ..30.postins.on=0,mode=FX,
A39: 31 | C39: x | D39: WILL.sail | E39: =COUNTA(F39:U39) -> 0 | V39: =IF(E39=0,"x","") -> x | W39: =_xlfn.XMATCH("x",F39:V39) -> 17 | X39: {=INDEX(F4:V4,W39)} -> White | Y39: =_xlfn.XLOOKUP(X39,refs!$A$2:$A$19,refs!$B$2:$B$19) -> 18 | Z39: {=INDEX($F$3:$V$3,W39)} | AA39: =IF(C39="x",Y39,_xlfn.XLOOKUP(C3,refs!$A$2:$A$19,refs!$B$2:$B$19)) -> 18 | AB39: ="."&A39&".col="&AA39&",mute="&IF(C39="x",0,1)&"," -> .31.col=18,mute=0, | AC39: ="."&A39&".tags="&Z39&"," -> .31.tags=, | AD39: ="."&A39&".name="&LEFT(D39,16)&"," -> .31.name=WILL.sail, | AE39: =".."&A39&".postins.on="&IF(B39="x",1,IF(B39="y",1,0))&",mode="&IF(B39="x","AUTO_X",IF(B39="y","AUTO_Y","FX"))&"," -> ..31.postins.on=0,mode=FX,
A40: 32 | C40: x | D40: PRISCILLA | E40: =COUNTA(F40:U40) -> 0 | V40: =IF(E40=0,"x","") -> x | W40: =_xlfn.XMATCH("x",F40:V40) -> 17 | X40: {=INDEX(F4:V4,W40)} -> White | Y40: =_xlfn.XLOOKUP(X40,refs!$A$2:$A$19,refs!$B$2:$B$19) -> 18 | Z40: {=INDEX($F$3:$V$3,W40)} | AA40: =IF(C40="x",Y40,_xlfn.XLOOKUP(C3,refs!$A$2:$A$19,refs!$B$2:$B$19)) -> 18 | AB40: ="."&A40&".col="&AA40&",mute="&IF(C40="x",0,1)&"," -> .32.col=18,mute=0, | AC40: ="."&A40&".tags="&Z40&"," -> .32.tags=, | AD40: ="."&A40&".name="&LEFT(D40,16)&"," -> .32.name=PRISCILLA, | AE40: =".."&A40&".postins.on="&IF(B40="x",1,IF(B40="y",1,0))&",mode="&IF(B40="x","AUTO_X",IF(B40="y","AUTO_Y","FX"))&"," -> ..32.postins.on=0,mode=FX,
A41: 33 | C41: x | D41: RACHELS | E41: =COUNTA(F41:U41) -> 0 | V41: =IF(E41=0,"x","") -> x | W41: =_xlfn.XMATCH("x",F41:V41) -> 17 | X41: {=INDEX(F4:V4,W41)} -> White | Y41: =_xlfn.XLOOKUP(X41,refs!$A$2:$A$19,refs!$B$2:$B$19) -> 18 | Z41: {=INDEX($F$3:$V$3,W41)} | AA41: =IF(C41="x",Y41,_xlfn.XLOOKUP(C3,refs!$A$2:$A$19,refs!$B$2:$B$19)) -> 18 | AB41: ="."&A41&".col="&AA41&",mute="&IF(C41="x",0,1)&"," -> .33.col=18,mute=0, | AC41: ="."&A41&".tags="&Z41&"," -> .33.tags=, | AD41: ="."&A41&".name="&LEFT(D41,16)&"," -> .33.name=RACHELS, | AE41: =".."&A41&".postins.on="&IF(B41="x",1,IF(B41="y",1,0))&",mode="&IF(B41="x","AUTO_X",IF(B41="y","AUTO_Y","FX"))&"," -> ..33.postins.on=0,mode=FX,
A42: 34 | C42: x | D42: JEN | E42: =COUNTA(F42:U42) -> 0 | V42: =IF(E42=0,"x","") -> x | W42: =_xlfn.XMATCH("x",F42:V42) -> 17 | X42: {=INDEX(F4:V4,W42)} -> White | Y42: =_xlfn.XLOOKUP(X42,refs!$A$2:$A$19,refs!$B$2:$B$19) -> 18 | Z42: {=INDEX($F$3:$V$3,W42)} | AA42: =IF(C42="x",Y42,_xlfn.XLOOKUP(C3,refs!$A$2:$A$19,refs!$B$2:$B$19)) -> 18 | AB42: ="."&A42&".col="&AA42&",mute="&IF(C42="x",0,1)&"," -> .34.col=18,mute=0, | AC42: ="."&A42&".tags="&Z42&"," -> .34.tags=, | AD42: ="."&A42&".name="&LEFT(D42,16)&"," -> .34.name=JEN, | AE42: =".."&A42&".postins.on="&IF(B42="x",1,IF(B42="y",1,0))&",mode="&IF(B42="x","AUTO_X",IF(B42="y","AUTO_Y","FX"))&"," -> ..34.postins.on=0,mode=FX,
A43: 35 | C43: x | D43: OS1 | E43: =COUNTA(F43:U43) -> 0 | V43: =IF(E43=0,"x","") -> x | W43: =_xlfn.XMATCH("x",F43:V43) -> 17 | X43: {=INDEX(F4:V4,W43)} -> White | Y43: =_xlfn.XLOOKUP(X43,refs!$A$2:$A$19,refs!$B$2:$B$19) -> 18 | Z43: {=INDEX($F$3:$V$3,W43)} | AA43: =IF(C43="x",Y43,_xlfn.XLOOKUP(C3,refs!$A$2:$A$19,refs!$B$2:$B$19)) -> 18 | AB43: ="."&A43&".col="&AA43&",mute="&IF(C43="x",0,1)&"," -> .35.col=18,mute=0, | AC43: ="."&A43&".tags="&Z43&"," -> .35.tags=, | AD43: ="."&A43&".name="&LEFT(D43,16)&"," -> .35.name=OS1, | AE43: =".."&A43&".postins.on="&IF(B43="x",1,IF(B43="y",1,0))&",mode="&IF(B43="x","AUTO_X",IF(B43="y","AUTO_Y","FX"))&"," -> ..35.postins.on=0,mode=FX,
A44: 36 | C44: x | D44: OS2 | E44: =COUNTA(F44:U44) -> 0 | V44: =IF(E44=0,"x","") -> x | W44: =_xlfn.XMATCH("x",F44:V44) -> 17 | X44: {=INDEX(F4:V4,W44)} -> White | Y44: =_xlfn.XLOOKUP(X44,refs!$A$2:$A$19,refs!$B$2:$B$19) -> 18 | Z44: {=INDEX($F$3:$V$3,W44)} | AA44: =IF(C44="x",Y44,_xlfn.XLOOKUP(C3,refs!$A$2:$A$19,refs!$B$2:$B$19)) -> 18 | AB44: ="."&A44&".col="&AA44&",mute="&IF(C44="x",0,1)&"," -> .36.col=18,mute=0, | AC44: ="."&A44&".tags="&Z44&"," -> .36.tags=, | AD44: ="."&A44&".name="&LEFT(D44,16)&"," -> .36.name=OS2, | AE44: =".."&A44&".postins.on="&IF(B44="x",1,IF(B44="y",1,0))&",mode="&IF(B44="x","AUTO_X",IF(B44="y","AUTO_Y","FX"))&"," -> ..36.postins.on=0,mode=FX,
A45: 37 | D45: unusedos | E45: =COUNTA(F45:U45) -> 0 | V45: =IF(E45=0,"x","") -> x | W45: =_xlfn.XMATCH("x",F45:V45) -> 17 | X45: {=INDEX(F4:V4,W45)} -> White | Y45: =_xlfn.XLOOKUP(X45,refs!$A$2:$A$19,refs!$B$2:$B$19) -> 18 | Z45: {=INDEX($F$3:$V$3,W45)} | AA45: =IF(C45="x",Y45,_xlfn.XLOOKUP(C3,refs!$A$2:$A$19,refs!$B$2:$B$19)) -> 17 | AB45: ="."&A45&".col="&AA45&",mute="&IF(C45="x",0,1)&"," -> .37.col=17,mute=1, | AC45: ="."&A45&".tags="&Z45&"," -> .37.tags=, | AD45: ="."&A45&".name="&LEFT(D45,16)&"," -> .37.name=unusedos, | AE45: =".."&A45&".postins.on="&IF(B45="x",1,IF(B45="y",1,0))&",mode="&IF(B45="x","AUTO_X",IF(B45="y","AUTO_Y","FX"))&"," -> ..37.postins.on=0,mode=FX,
A46: 38 | C46: x | D46: VOX.fr.ext | E46: =COUNTA(F46:U46) -> 0 | V46: =IF(E46=0,"x","") -> x | W46: =_xlfn.XMATCH("x",F46:V46) -> 17 | X46: {=INDEX(F4:V4,W46)} -> White | Y46: =_xlfn.XLOOKUP(X46,refs!$A$2:$A$19,refs!$B$2:$B$19) -> 18 | Z46: {=INDEX($F$3:$V$3,W46)} | AA46: =IF(C46="x",Y46,_xlfn.XLOOKUP(C3,refs!$A$2:$A$19,refs!$B$2:$B$19)) -> 18 | AB46: ="."&A46&".col="&AA46&",mute="&IF(C46="x",0,1)&"," -> .38.col=18,mute=0, | AC46: ="."&A46&".tags="&Z46&"," -> .38.tags=, | AD46: ="."&A46&".name="&LEFT(D46,16)&"," -> .38.name=VOX.fr.ext, | AE46: =".."&A46&".postins.on="&IF(B46="x",1,IF(B46="y",1,0))&",mode="&IF(B46="x","AUTO_X",IF(B46="y","AUTO_Y","FX"))&"," -> ..38.postins.on=0,mode=FX,
A47: 39 | C47: x | D47: INS.fr.ext | E47: =COUNTA(F47:U47) -> 0 | V47: =IF(E47=0,"x","") -> x | W47: =_xlfn.XMATCH("x",F47:V47) -> 17 | X47: {=INDEX(F4:V4,W47)} -> White | Y47: =_xlfn.XLOOKUP(X47,refs!$A$2:$A$19,refs!$B$2:$B$19) -> 18 | Z47: {=INDEX($F$3:$V$3,W47)} | AA47: =IF(C47="x",Y47,_xlfn.XLOOKUP(C3,refs!$A$2:$A$19,refs!$B$2:$B$19)) -> 18 | AB47: ="."&A47&".col="&AA47&",mute="&IF(C47="x",0,1)&"," -> .39.col=18,mute=0, | AC47: ="."&A47&".tags="&Z47&"," -> .39.tags=, | AD47: ="."&A47&".name="&LEFT(D47,16)&"," -> .39.name=INS.fr.ext, | AE47: =".."&A47&".postins.on="&IF(B47="x",1,IF(B47="y",1,0))&",mode="&IF(B47="x","AUTO_X",IF(B47="y","AUTO_Y","FX"))&"," -> ..39.postins.on=0,mode=FX,
A48: 40 | C48: x | D48: pass.fr.w2 | E48: =COUNTA(F48:U48) -> 0 | V48: =IF(E48=0,"x","") -> x | W48: =_xlfn.XMATCH("x",F48:V48) -> 17 | X48: {=INDEX(F4:V4,W48)} -> White | Y48: =_xlfn.XLOOKUP(X48,refs!$A$2:$A$19,refs!$B$2:$B$19) -> 18 | Z48: {=INDEX($F$3:$V$3,W48)} | AA48: =IF(C48="x",Y48,_xlfn.XLOOKUP(C3,refs!$A$2:$A$19,refs!$B$2:$B$19)) -> 18 | AB48: ="."&A48&".col="&AA48&",mute="&IF(C48="x",0,1)&"," -> .40.col=18,mute=0, | AC48: ="."&A48&".tags="&Z48&"," -> .40.tags=, | AD48: ="."&A48&".name="&LEFT(D48,16)&"," -> .40.name=pass.fr.w2, | AE48: =".."&A48&".postins.on="&IF(B48="x",1,IF(B48="y",1,0))&",mode="&IF(B48="x","AUTO_X",IF(B48="y","AUTO_Y","FX"))&"," -> ..40.postins.on=0,mode=FX,
F49: =F6 -> LEADS | G49: =G6 -> FlotJet | H49: =H6 -> Sail | I49: =I6 -> Sisters | J49: =J6 -> Maids | K49: =K6 -> LeeWind | L49: =L6 -> PrRaJen | M49: =M6 -> . | ... U49: =U6 -> MAINS
A50: =D2&"_ch_col_mute" -> w1_0001_ch_col_mute | B50: =_xlfn.CONCAT(AB9:AB48) -> /ch.1.col=7,mute=0,.2.col=7,mute=0,.3.col=7,mute=0,.4.col=7,mute=0,.5.col=4,mute=0,.6.col=5,mute=0,.7.col=6,mute=0,.8.col=7,mute=0,.9.col=8,mute=0,.10.col=9,mute=0,.11.col=10,mute=0,.12.col=11,mute=0,.13.col=12,mute=0,.14.col=13,mute=0,.15.col=14,mute=0,.16.col=15,mute=0,.17.col=18,mute=0,.18.col=18,mute=0,.19.col=18,mute=0,.20.col=18,mute=0,.21.col=18,mute=0,.22.col=18,mute=0,.23.col=18,mute=0,.24.col=17,mute=1,.25.col=18,mute=0,.26.col=18,mute=0,.27.col=18,mute=0,.28.col=18,mute=0,.29.col=18,mute=0,.30.col=18,mute=0,.31.col=18,mute=0,.32.col=18,mute=0,.33.col=18,mute=0,.34.col=18,mute=0,.35.col=18,mute=0,.36.col=18,mute=0,.37.col=17,mute=1,.38.col=18,mute=0,.39.col=18,mute=0,.40.col=18,mute=0,
A51: =D2&"_ch_tags" -> w1_0001_ch_tags | B51: =_xlfn.CONCAT(AC9:AC48) -> /ch.1.tags=#D8,.2.tags=#D1,.3.tags=#D1,.4.tags=#D1,.5.tags=#D5,.6.tags=#D6,.7.tags=#D7,.8.tags=#D8,.9.tags=#D9,.10.tags=#D10,.11.tags=#D11,.12.tags=#D12,.13.tags=#D13,.14.tags=#D14,.15.tags=#D15,.16.tags=#D16,.17.tags=,.18.tags=,.19.tags=,.20.tags=,.21.tags=,.22.tags=,.23.tags=,.24.tags=,.25.tags=,.26.tags=,.27.tags=,.28.tags=,.29.tags=,.30.tags=,.31.tags=,.32.tags=,.33.tags=,.34.tags=,.35.tags=,.36.tags=,.37.tags=,.38.tags=,.39.tags=,.40.tags=,
A52: =D2&"_ch_names_a" -> w1_0001_ch_names_a | B52: =_xlfn.CONCAT(AD9:AD28) -> /ch.1.name=CAROLINE.ariel,.2.name=GABE.eric,.3.name=KEITH.grimsby,.4.name=CHADLEY.sebastia,.5.name=ANNA.flounder,.6.name=MARGERY.ursula,.7.name=JOHN.triton,.8.name=JUDAH.chefL,.9.name=BRIDGET.scuttle,.10.name=DYLAN.flotsam,.11.name=ELIJAH.jetsam,.12.name=SYR.pilot,.13.name=KATELYN.aquata,.14.name=NADJA.adrina,.15.name=RACHELP.arista,.16.name=MAURA.atina,.17.name=JACKLYN.adella,.18.name=SARAH.allana,.19.name=REBECCA.maid,.20.name=ANNIE.maid,
A53: =D2&"_ch_names_b" -> w1_0001_ch_names_b | B53: =_xlfn.CONCAT(AD29:AD48) -> /ch.21.name=KARA.maid,.22.name=GENEVIEVE.leewar,.23.name=JOCELYN.windward,.24.name=.,.25.name=ROBERT.sail,.26.name=TOM.sail,.27.name=BILL.sail,.28.name=DENNIS.sail,.29.name=JOSHUA.sail,.30.name=RAY.sail,.31.name=WILL.sail,.32.name=PRISCILLA,.33.name=RACHELS,.34.name=JEN,.35.name=OS1,.36.name=OS2,.37.name=unusedos,.38.name=VOX.fr.ext,.39.name=INS.fr.ext,.40.name=pass.fr.w2,
A54: =D2&"_ch_postins_a" -> w1_0001_ch_postins_a | B54: =_xlfn.CONCAT(AE9:AE28) -> /ch.1.postins.on=1,mode=AUTO_X,..2.postins.on=1,mode=AUTO_X,..3.postins.on=1,mode=AUTO_X,..4.postins.on=0,mode=FX,..5.postins.on=1,mode=AUTO_X,..6.postins.on=1,mode=AUTO_X,..7.postins.on=1,mode=AUTO_X,..8.postins.on=1,mode=AUTO_X,..9.postins.on=1,mode=AUTO_X,..10.postins.on=1,mode=AUTO_X,..11.postins.on=1,mode=AUTO_X,..12.postins.on=1,mode=AUTO_X,..13.postins.on=1,mode=AUTO_Y,..14.postins.on=1,mode=AUTO_Y,..15.postins.on=1,mode=AUTO_Y,..16.postins.on=1,mode=AUTO_Y,..17.postins.on=0,mode=FX,..18.postins.on=0,mode=FX,..19.postins.on=0,mode=FX,..20.postins.on=0,mode=FX,
A55: =D2&"_ch_postins_b" -> w1_0001_ch_postins_b | B55: =_xlfn.CONCAT(AE29:AE48) -> /ch.21.postins.on=0,mode=FX,..22.postins.on=0,mode=FX,..23.postins.on=0,mode=FX,..24.postins.on=0,mode=FX,..25.postins.on=0,mode=FX,..26.postins.on=0,mode=FX,..27.postins.on=0,mode=FX,..28.postins.on=0,mode=FX,..29.postins.on=0,mode=FX,..30.postins.on=0,mode=FX,..31.postins.on=0,mode=FX,..32.postins.on=0,mode=FX,..33.postins.on=0,mode=FX,..34.postins.on=0,mode=FX,..35.postins.on=0,mode=FX,..36.postins.on=0,mode=FX,..37.postins.on=0,mode=FX,..38.postins.on=0,mode=FX,..39.postins.on=0,mode=FX,..40.postins.on=0,mode=FX,
A56: =D2&"_dcas_amix" -> w1_0001_dcas_amix | B56: =_xlfn.CONCAT(AF9:AF25) -> /dca.1.col=7,name=LEADS,.2.col=1,name=FlotJet,.3.col=2,name=Sail,.4.col=3,name=Sisters,.5.col=4,name=Maids,.6.col=5,name=LeeWind,.7.col=6,name=PrRaJen,.8.col=7,name=.,.9.col=8,name=.,.10.col=9,name=.,.11.col=10,name=OS,.12.col=11,name=VOX+.VRB,.13.col=12,name=VOX_.VRB,.14.col=13,name=INST+.VRB,.15.col=14,name=INST_.VRB,.16.col=15,name=MAINS,/cfg.amix.x=1,/cfg.amix.y=1,
B59: =INT(ROW()/56)+1 -> 2 | C59: Q: | D59: ="w1_"&TEXT(B59,"0000") -> w1_0002 | F59: 1 | G59: 2 | H59: 3 | I59: 4 | J59: 5 | K59: 6 | L59: 7 | M59: 8 | N59: 9 | O59: 10 | P59: 11 | Q59: 12 | R59: 13 | S59: 14 | T59: 15 | U59: 16 | V59: 17
B60: Col Off | C60: Gray | D60: DCA #: | F60: ="#D1" -> #D1 | G60: ="#D2" -> #D2 | H60: ="#D3" -> #D3 | I60: ="#D4" -> #D4 | J60: ="#D5" -> #D5 | K60: ="#D6" -> #D6 | L60: ="#D7" -> #D7 | M60: ="#D8" -> #D8 | N60: ="#D9" -> #D9 | O60: ="#D10" -> #D10 | P60: ="#D11" -> #D11 | Q60: ="#D12" -> #D12 | R60: ="#D13" -> #D13 | S60: ="#D14" -> #D14 | T60: ="#D15" -> #D15 | U60: ="#D16" -> #D16 | V60: =""
B61: AMX on | C61: x | D61: Color if On: | F61: Gold | G61: Coral | H61: Brown | I61: Pink | J61: Green | K61: Turquoise | L61: BrightB | M61: Gray | N61: Gray | O61: Gray | P61: Violet | Q61: Gold | R61: Gold | S61: LightB | T61: LightB | U61: DarkV | V61: White
B63: AMY on | C63: x | D63: Name: | F63: LEADS | G63: FlotJet | H63: Sail | I63: Sisters | J63: Maids | K63: LeeWind | L63: PrRaJen | M63: . | N63: . | O63: . | P63: OS | Q63: VOX+.VRB | R63: VOX_.VRB | S63: INST+.VRB | T63: INST_.VRB | U63: MAINS | V63: x
F64: =COUNTA(F66:F105) -> 9 | G64: =COUNTA(G66:G105) -> 2 | H64: =COUNTA(H66:H105) -> 8 | I64: =COUNTA(I66:I105) -> 6 | J64: =COUNTA(J66:J105) -> 3 | K64: =COUNTA(K66:K105) -> 2 | L64: =COUNTA(L66:L105) -> 3 | M64: =COUNTA(M66:M105) -> 0 | ... U64: =COUNTA(U66:U105) -> 0 | V64: =40-COUNTBLANK(V66:V105) -> 5
A65: # | B65: AMIxy | C65: OnX | D65: Name | W65: color and tag column | X65: colorname | Y65: color number | Z65: TAG | AA65: usecolor | AB65: COLOR AND MUTE | AC65: TAGS | AD65: NAMES | AE65: POSTINS and Mode | AF65: DCA NAME and COLOR
A66: =A9 -> 1 | B66: x | C66: x | D66: CAROLINE.ariel | E66: =COUNTA(F66:U66) -> 1 | F66: x | V66: =IF(E66=0,"x","") | W66: =_xlfn.XMATCH("x",F66:V66) -> 1 | X66: {=INDEX(F61:V61,W66)} -> Gold | Y66: =_xlfn.XLOOKUP(X66,refs!$A$2:$A$19,refs!$B$2:$B$19) -> 13 | Z66: {=INDEX($F$3:$V$3,W66)} -> #D1 | AA66: =IF(C66="x",Y66,_xlfn.XLOOKUP(C60,refs!$A$2:$A$19,refs!$B$2:$B$19)) -> 13 | AB66: ="/ch."&A66&".col="&AA66&",mute="&IF(C66="x",0,1)&"," -> /ch.1.col=13,mute=0, | AC66: ="/ch."&A66&".tags="&Z66&"," -> /ch.1.tags=#D1, | AD66: ="/ch."&A66&".name="&LEFT(D66,16)&"," -> /ch.1.name=CAROLINE.ariel, | AE66: ="/ch."&A66&".postins.on="&IF(B66="x",1,IF(B66="y",1,0))&",mode="&IF(B66="x","AUTO_X",IF(B66="y","AUTO_Y","FX"))&"," -> /ch.1.postins.on=1,mode=AUTO_X, | AF66: ="/dca."&F$2&".col="&_xlfn.XLOOKUP(F$4,refs!$A$2:$A$19,refs!$B$2:$B$19)&",name="&LEFT(F$6,16)&"," -> /dca.1.col=7,name=LEADS,
A67: =A10 -> 2 | B67: x | C67: x | D67: GABE.eric | E67: =COUNTA(F67:U67) -> 1 | F67: x | V67: =IF(E67=0,"x","") | W67: =_xlfn.XMATCH("x",F67:V67) -> 1 | X67: {=INDEX(F61:V61,W67)} -> Gold | Y67: =_xlfn.XLOOKUP(X67,refs!$A$2:$A$19,refs!$B$2:$B$19) -> 13 | Z67: {=INDEX($F$3:$V$3,W67)} -> #D1 | AA67: =IF(C67="x",Y67,_xlfn.XLOOKUP(C60,refs!$A$2:$A$19,refs!$B$2:$B$19)) -> 13 | AB67: ="."&A67&".col="&AA67&",mute="&IF(C67="x",0,1)&"," -> .2.col=13,mute=0, | AC67: ="."&A67&".tags="&Z67&"," -> .2.tags=#D1, | AD67: ="."&A67&".name="&LEFT(D67,166)&"," -> .2.name=GABE.eric, | AE67: =".."&A67&".postins.on="&IF(B67="x",1,IF(B67="y",1,0))&",mode="&IF(B67="x","AUTO_X",IF(B67="y","AUTO_Y","FX"))&"," -> ..2.postins.on=1,mode=AUTO_X, | AF67: ="."&G$2&".col="&_xlfn.XLOOKUP(G$4,refs!$A$2:$A$19,refs!$B$2:$B$19)&",name="&LEFT(G$6,16)&"," -> .2.col=1,name=FlotJet,
A68: =A11 -> 3 | B68: x | C68: x | D68: KEITH.grimsby | E68: =COUNTA(F68:U68) -> 1 | F68: x | V68: =IF(E68=0,"x","") | W68: =_xlfn.XMATCH("x",F68:V68) -> 1 | X68: {=INDEX(F61:V61,W68)} -> Gold | Y68: =_xlfn.XLOOKUP(X68,refs!$A$2:$A$19,refs!$B$2:$B$19) -> 13 | Z68: {=INDEX($F$3:$V$3,W68)} -> #D1 | AA68: =IF(C68="x",Y68,_xlfn.XLOOKUP(C60,refs!$A$2:$A$19,refs!$B$2:$B$19)) -> 13 | AB68: ="."&A68&".col="&AA68&",mute="&IF(C68="x",0,1)&"," -> .3.col=13,mute=0, | AC68: ="."&A68&".tags="&Z68&"," -> .3.tags=#D1, | AD68: ="."&A68&".name="&LEFT(D68,16)&"," -> .3.name=KEITH.grimsby, | AE68: =".."&A68&".postins.on="&IF(B68="x",1,IF(B68="y",1,0))&",mode="&IF(B68="x","AUTO_X",IF(B68="y","AUTO_Y","FX"))&"," -> ..3.postins.on=1,mode=AUTO_X, | AF68: ="."&H$2&".col="&_xlfn.XLOOKUP(H$4,refs!$A$2:$A$19,refs!$B$2:$B$19)&",name="&LEFT(H$6,16)&"," -> .3.col=2,name=Sail,
A69: =A12 -> 4 | C69: x | D69: CHADLEY.sebastian | E69: =COUNTA(F69:U69) -> 1 | F69: x | V69: =IF(E69=0,"x","") | W69: =_xlfn.XMATCH("x",F69:V69) -> 1 | X69: {=INDEX(F61:V61,W69)} -> Gold | Y69: =_xlfn.XLOOKUP(X69,refs!$A$2:$A$19,refs!$B$2:$B$19) -> 13 | Z69: {=INDEX($F$3:$V$3,W69)} -> #D1 | AA69: =IF(C69="x",Y69,_xlfn.XLOOKUP(C60,refs!$A$2:$A$19,refs!$B$2:$B$19)) -> 13 | AB69: ="."&A69&".col="&AA69&",mute="&IF(C69="x",0,1)&"," -> .4.col=13,mute=0, | AC69: ="."&A69&".tags="&Z69&"," -> .4.tags=#D1, | AD69: ="."&A69&".name="&LEFT(D69,16)&"," -> .4.name=CHADLEY.sebastia, | AE69: =".."&A69&".postins.on="&IF(B69="x",1,IF(B69="y",1,0))&",mode="&IF(B69="x","AUTO_X",IF(B69="y","AUTO_Y","FX"))&"," -> ..4.postins.on=0,mode=FX, | AF69: ="."&I$2&".col="&_xlfn.XLOOKUP(I$4,refs!$A$2:$A$19,refs!$B$2:$B$19)&",name="&LEFT(I$6,16)&"," -> .4.col=3,name=Sisters,
A70: =A13 -> 5 | B70: x | C70: x | D70: ANNA.flounder | E70: =COUNTA(F70:U70) -> 1 | F70: x | V70: =IF(E70=0,"x","") | W70: =_xlfn.XMATCH("x",F70:V70) -> 1 | X70: {=INDEX(F61:V61,W70)} -> Gold | Y70: =_xlfn.XLOOKUP(X70,refs!$A$2:$A$19,refs!$B$2:$B$19) -> 13 | Z70: {=INDEX($F$3:$V$3,W70)} -> #D1 | AA70: =IF(C70="x",Y70,_xlfn.XLOOKUP(C60,refs!$A$2:$A$19,refs!$B$2:$B$19)) -> 13 | AB70: ="."&A70&".col="&AA70&",mute="&IF(C70="x",0,1)&"," -> .5.col=13,mute=0, | AC70: ="."&A70&".tags="&Z70&"," -> .5.tags=#D1, | AD70: ="."&A70&".name="&LEFT(D70,16)&"," -> .5.name=ANNA.flounder, | AE70: =".."&A70&".postins.on="&IF(B70="x",1,IF(B70="y",1,0))&",mode="&IF(B70="x","AUTO_X",IF(B70="y","AUTO_Y","FX"))&"," -> ..5.postins.on=1,mode=AUTO_X, | AF70: ="."&J$2&".col="&_xlfn.XLOOKUP(J$4,refs!$A$2:$A$19,refs!$B$2:$B$19)&",name="&LEFT(J$6,16)&"," -> .5.col=4,name=Maids,
A71: =A14 -> 6 | B71: x | C71: x | D71: MARGERY.ursula | E71: =COUNTA(F71:U71) -> 1 | F71: x | V71: =IF(E71=0,"x","") | W71: =_xlfn.XMATCH("x",F71:V71) -> 1 | X71: {=INDEX(F61:V61,W71)} -> Gold | Y71: =_xlfn.XLOOKUP(X71,refs!$A$2:$A$19,refs!$B$2:$B$19) -> 13 | Z71: {=INDEX($F$3:$V$3,W71)} -> #D1 | AA71: =IF(C71="x",Y71,_xlfn.XLOOKUP(C60,refs!$A$2:$A$19,refs!$B$2:$B$19)) -> 13 | AB71: ="."&A71&".col="&AA71&",mute="&IF(C71="x",0,1)&"," -> .6.col=13,mute=0, | AC71: ="."&A71&".tags="&Z71&"," -> .6.tags=#D1, | AD71: ="."&A71&".name="&LEFT(D71,16)&"," -> .6.name=MARGERY.ursula, | AE71: =".."&A71&".postins.on="&IF(B71="x",1,IF(B71="y",1,0))&",mode="&IF(B71="x","AUTO_X",IF(B71="y","AUTO_Y","FX"))&"," -> ..6.postins.on=1,mode=AUTO_X, | AF71: ="."&K$2&".col="&_xlfn.XLOOKUP(K$4,refs!$A$2:$A$19,refs!$B$2:$B$19)&",name="&LEFT(K$6,16)&"," -> .6.col=5,name=LeeWind,
A72: =A15 -> 7 | B72: x | C72: x | D72: JOHN.triton | E72: =COUNTA(F72:U72) -> 1 | F72: x | V72: =IF(E72=0,"x","") | W72: =_xlfn.XMATCH("x",F72:V72) -> 1 | X72: {=INDEX(F61:V61,W72)} -> Gold | Y72: =_xlfn.XLOOKUP(X72,refs!$A$2:$A$19,refs!$B$2:$B$19) -> 13 | Z72: {=INDEX($F$3:$V$3,W72)} -> #D1 | AA72: =IF(C72="x",Y72,_xlfn.XLOOKUP(C60,refs!$A$2:$A$19,refs!$B$2:$B$19)) -> 13 | AB72: ="."&A72&".col="&AA72&",mute="&IF(C72="x",0,1)&"," -> .7.col=13,mute=0, | AC72: ="."&A72&".tags="&Z72&"," -> .7.tags=#D1, | AD72: ="."&A72&".name="&LEFT(D72,16)&"," -> .7.name=JOHN.triton, | AE72: =".."&A72&".postins.on="&IF(B72="x",1,IF(B72="y",1,0))&",mode="&IF(B72="x","AUTO_X",IF(B72="y","AUTO_Y","FX"))&"," -> ..7.postins.on=1,mode=AUTO_X, | AF72: ="."&L$2&".col="&_xlfn.XLOOKUP(L$4,refs!$A$2:$A$19,refs!$B$2:$B$19)&",name="&LEFT(L$6,16)&"," -> .7.col=6,name=PrRaJen,
A73: =A16 -> 8 | B73: x | C73: x | D73: JUDAH.chefL | E73: =COUNTA(F73:U73) -> 1 | F73: x | V73: =IF(E73=0,"x","") | W73: =_xlfn.XMATCH("x",F73:V73) -> 1 | X73: {=INDEX(F61:V61,W73)} -> Gold | Y73: =_xlfn.XLOOKUP(X73,refs!$A$2:$A$19,refs!$B$2:$B$19) -> 13 | Z73: {=INDEX($F$3:$V$3,W73)} -> #D1 | AA73: =IF(C73="x",Y73,_xlfn.XLOOKUP(C60,refs!$A$2:$A$19,refs!$B$2:$B$19)) -> 13 | AB73: ="."&A73&".col="&AA73&",mute="&IF(C73="x",0,1)&"," -> .8.col=13,mute=0, | AC73: ="."&A73&".tags="&Z73&"," -> .8.tags=#D1, | AD73: ="."&A73&".name="&LEFT(D73,16)&"," -> .8.name=JUDAH.chefL, | AE73: =".."&A73&".postins.on="&IF(B73="x",1,IF(B73="y",1,0))&",mode="&IF(B73="x","AUTO_X",IF(B73="y","AUTO_Y","FX"))&"," -> ..8.postins.on=1,mode=AUTO_X, | AF73: ="."&M$2&".col="&_xlfn.XLOOKUP(M$4,refs!$A$2:$A$19,refs!$B$2:$B$19)&",name="&LEFT(M$6,16)&"," -> .8.col=7,name=.,
A74: =A17 -> 9 | B74: x | C74: x | D74: BRIDGET.scuttle | E74: =COUNTA(F74:U74) -> 1 | F74: x | V74: =IF(E74=0,"x","") | W74: =_xlfn.XMATCH("x",F74:V74) -> 1 | X74: {=INDEX(F61:V61,W74)} -> Gold | Y74: =_xlfn.XLOOKUP(X74,refs!$A$2:$A$19,refs!$B$2:$B$19) -> 13 | Z74: {=INDEX($F$3:$V$3,W74)} -> #D1 | AA74: =IF(C74="x",Y74,_xlfn.XLOOKUP(C60,refs!$A$2:$A$19,refs!$B$2:$B$19)) -> 13 | AB74: ="."&A74&".col="&AA74&",mute="&IF(C74="x",0,1)&"," -> .9.col=13,mute=0, | AC74: ="."&A74&".tags="&Z74&"," -> .9.tags=#D1, | AD74: ="."&A74&".name="&LEFT(D74,16)&"," -> .9.name=BRIDGET.scuttle, | AE74: =".."&A74&".postins.on="&IF(B74="x",1,IF(B74="y",1,0))&",mode="&IF(B74="x","AUTO_X",IF(B74="y","AUTO_Y","FX"))&"," -> ..9.postins.on=1,mode=AUTO_X, | AF74: ="."&N$2&".col="&_xlfn.XLOOKUP(N$4,refs!$A$2:$A$19,refs!$B$2:$B$19)&",name="&LEFT(N$6,16)&"," -> .9.col=8,name=.,
A75: =A18 -> 10 | B75: x | C75: x | D75: DYLAN.flotsam | E75: =COUNTA(F75:U75) -> 1 | G75: x | V75: =IF(E75=0,"x","") | W75: =_xlfn.XMATCH("x",F75:V75) -> 2 | X75: {=INDEX(F61:V61,W75)} -> Coral | Y75: =_xlfn.XLOOKUP(X75,refs!$A$2:$A$19,refs!$B$2:$B$19) -> 10 | Z75: {=INDEX($F$3:$V$3,W75)} -> #D2 | AA75: =IF(C75="x",Y75,_xlfn.XLOOKUP(C60,refs!$A$2:$A$19,refs!$B$2:$B$19)) -> 10 | AB75: ="."&A75&".col="&AA75&",mute="&IF(C75="x",0,1)&"," -> .10.col=10,mute=0, | AC75: ="."&A75&".tags="&Z75&"," -> .10.tags=#D2, | AD75: ="."&A75&".name="&LEFT(D75,16)&"," -> .10.name=DYLAN.flotsam, | AE75: =".."&A75&".postins.on="&IF(B75="x",1,IF(B75="y",1,0))&",mode="&IF(B75="x","AUTO_X",IF(B75="y","AUTO_Y","FX"))&"," -> ..10.postins.on=1,mode=AUTO_X, | AF75: ="."&O$2&".col="&_xlfn.XLOOKUP(O$4,refs!$A$2:$A$19,refs!$B$2:$B$19)&",name="&LEFT(O$6,16)&"," -> .10.col=9,name=.,
A76: =A19 -> 11 | B76: x | C76: x | D76: ELIJAH.jetsam | E76: =COUNTA(F76:U76) -> 1 | G76: x | V76: =IF(E76=0,"x","") | W76: =_xlfn.XMATCH("x",F76:V76) -> 2 | X76: {=INDEX(F61:V61,W76)} -> Coral | Y76: =_xlfn.XLOOKUP(X76,refs!$A$2:$A$19,refs!$B$2:$B$19) -> 10 | Z76: {=INDEX($F$3:$V$3,W76)} -> #D2 | AA76: =IF(C76="x",Y76,_xlfn.XLOOKUP(C60,refs!$A$2:$A$19,refs!$B$2:$B$19)) -> 10 | AB76: ="."&A76&".col="&AA76&",mute="&IF(C76="x",0,1)&"," -> .11.col=10,mute=0, | AC76: ="."&A76&".tags="&Z76&"," -> .11.tags=#D2, | AD76: ="."&A76&".name="&LEFT(D76,16)&"," -> .11.name=ELIJAH.jetsam, | AE76: =".."&A76&".postins.on="&IF(B76="x",1,IF(B76="y",1,0))&",mode="&IF(B76="x","AUTO_X",IF(B76="y","AUTO_Y","FX"))&"," -> ..11.postins.on=1,mode=AUTO_X, | AF76: ="."&P$2&".col="&_xlfn.XLOOKUP(P$4,refs!$A$2:$A$19,refs!$B$2:$B$19)&",name="&LEFT(P$6,16)&"," -> .11.col=10,name=OS,
A77: =A20 -> 12 | B77: x | C77: x | D77: SYR.pilot | E77: =COUNTA(F77:U77) -> 1 | H77: x | V77: =IF(E77=0,"x","") | W77: =_xlfn.XMATCH("x",F77:V77) -> 3 | X77: {=INDEX(F61:V61,W77)} -> Brown | Y77: =_xlfn.XLOOKUP(X77,refs!$A$2:$A$19,refs!$B$2:$B$19) -> 8 | Z77: {=INDEX($F$3:$V$3,W77)} -> #D3 | AA77: =IF(C77="x",Y77,_xlfn.XLOOKUP(C60,refs!$A$2:$A$19,refs!$B$2:$B$19)) -> 8 | AB77: ="."&A77&".col="&AA77&",mute="&IF(C77="x",0,1)&"," -> .12.col=8,mute=0, | AC77: ="."&A77&".tags="&Z77&"," -> .12.tags=#D3, | AD77: ="."&A77&".name="&LEFT(D77,16)&"," -> .12.name=SYR.pilot, | AE77: =".."&A77&".postins.on="&IF(B77="x",1,IF(B77="y",1,0))&",mode="&IF(B77="x","AUTO_X",IF(B77="y","AUTO_Y","FX"))&"," -> ..12.postins.on=1,mode=AUTO_X, | AF77: ="."&Q$2&".col="&_xlfn.XLOOKUP(Q$4,refs!$A$2:$A$19,refs!$B$2:$B$19)&",name="&LEFT(Q$6,16)&"," -> .12.col=11,name=VOX+.VRB,
A78: =A21 -> 13 | B78: y | C78: x | D78: KATELYN.aquata | E78: =COUNTA(F78:U78) -> 1 | I78: x | V78: =IF(E78=0,"x","") | W78: =_xlfn.XMATCH("x",F78:V78) -> 4 | X78: {=INDEX(F61:V61,W78)} -> Pink | Y78: =_xlfn.XLOOKUP(X78,refs!$A$2:$A$19,refs!$B$2:$B$19) -> 11 | Z78: {=INDEX($F$3:$V$3,W78)} -> #D4 | AA78: =IF(C78="x",Y78,_xlfn.XLOOKUP(C60,refs!$A$2:$A$19,refs!$B$2:$B$19)) -> 11 | AB78: ="."&A78&".col="&AA78&",mute="&IF(C78="x",0,1)&"," -> .13.col=11,mute=0, | AC78: ="."&A78&".tags="&Z78&"," -> .13.tags=#D4, | AD78: ="."&A78&".name="&LEFT(D78,16)&"," -> .13.name=KATELYN.aquata, | AE78: =".."&A78&".postins.on="&IF(B78="x",1,IF(B78="y",1,0))&",mode="&IF(B78="x","AUTO_X",IF(B78="y","AUTO_Y","FX"))&"," -> ..13.postins.on=1,mode=AUTO_Y, | AF78: ="."&R$2&".col="&_xlfn.XLOOKUP(R$4,refs!$A$2:$A$19,refs!$B$2:$B$19)&",name="&LEFT(R$6,16)&"," -> .13.col=12,name=VOX_.VRB,
A79: =A22 -> 14 | B79: y | C79: x | D79: NADJA.adrina | E79: =COUNTA(F79:U79) -> 1 | I79: x | V79: =IF(E79=0,"x","") | W79: =_xlfn.XMATCH("x",F79:V79) -> 4 | X79: {=INDEX(F61:V61,W79)} -> Pink | Y79: =_xlfn.XLOOKUP(X79,refs!$A$2:$A$19,refs!$B$2:$B$19) -> 11 | Z79: {=INDEX($F$3:$V$3,W79)} -> #D4 | AA79: =IF(C79="x",Y79,_xlfn.XLOOKUP(C60,refs!$A$2:$A$19,refs!$B$2:$B$19)) -> 11 | AB79: ="."&A79&".col="&AA79&",mute="&IF(C79="x",0,1)&"," -> .14.col=11,mute=0, | AC79: ="."&A79&".tags="&Z79&"," -> .14.tags=#D4, | AD79: ="."&A79&".name="&LEFT(D79,16)&"," -> .14.name=NADJA.adrina, | AE79: =".."&A79&".postins.on="&IF(B79="x",1,IF(B79="y",1,0))&",mode="&IF(B79="x","AUTO_X",IF(B79="y","AUTO_Y","FX"))&"," -> ..14.postins.on=1,mode=AUTO_Y, | AF79: ="."&S$2&".col="&_xlfn.XLOOKUP(S$4,refs!$A$2:$A$19,refs!$B$2:$B$19)&",name="&LEFT(S$6,16)&"," -> .14.col=13,name=INST+.VRB,
A80: =A23 -> 15 | B80: y | C80: x | D80: RACHELP.arista | E80: =COUNTA(F80:U80) -> 1 | I80: x | V80: =IF(E80=0,"x","") | W80: =_xlfn.XMATCH("x",F80:V80) -> 4 | X80: {=INDEX(F61:V61,W80)} -> Pink | Y80: =_xlfn.XLOOKUP(X80,refs!$A$2:$A$19,refs!$B$2:$B$19) -> 11 | Z80: {=INDEX($F$3:$V$3,W80)} -> #D4 | AA80: =IF(C80="x",Y80,_xlfn.XLOOKUP(C60,refs!$A$2:$A$19,refs!$B$2:$B$19)) -> 11 | AB80: ="."&A80&".col="&AA80&",mute="&IF(C80="x",0,1)&"," -> .15.col=11,mute=0, | AC80: ="."&A80&".tags="&Z80&"," -> .15.tags=#D4, | AD80: ="."&A80&".name="&LEFT(D80,16)&"," -> .15.name=RACHELP.arista, | AE80: =".."&A80&".postins.on="&IF(B80="x",1,IF(B80="y",1,0))&",mode="&IF(B80="x","AUTO_X",IF(B80="y","AUTO_Y","FX"))&"," -> ..15.postins.on=1,mode=AUTO_Y, | AF80: ="."&T$2&".col="&_xlfn.XLOOKUP(T$4,refs!$A$2:$A$19,refs!$B$2:$B$19)&",name="&LEFT(T$6,16)&"," -> .15.col=14,name=INST_.VRB,
A81: =A24 -> 16 | B81: y | C81: x | D81: MAURA.atina | E81: =COUNTA(F81:U81) -> 1 | I81: x | V81: =IF(E81=0,"x","") | W81: =_xlfn.XMATCH("x",F81:V81) -> 4 | X81: {=INDEX(F61:V61,W81)} -> Pink | Y81: =_xlfn.XLOOKUP(X81,refs!$A$2:$A$19,refs!$B$2:$B$19) -> 11 | Z81: {=INDEX($F$3:$V$3,W81)} -> #D4 | AA81: =IF(C81="x",Y81,_xlfn.XLOOKUP(C60,refs!$A$2:$A$19,refs!$B$2:$B$19)) -> 11 | AB81: ="."&A81&".col="&AA81&",mute="&IF(C81="x",0,1)&"," -> .16.col=11,mute=0, | AC81: ="."&A81&".tags="&Z81&"," -> .16.tags=#D4, | AD81: ="."&A81&".name="&LEFT(D81,16)&"," -> .16.name=MAURA.atina, | AE81: =".."&A81&".postins.on="&IF(B81="x",1,IF(B81="y",1,0))&",mode="&IF(B81="x","AUTO_X",IF(B81="y","AUTO_Y","FX"))&"," -> ..16.postins.on=1,mode=AUTO_Y, | AF81: ="."&U$2&".col="&_xlfn.XLOOKUP(U$4,refs!$A$2:$A$19,refs!$B$2:$B$19)&",name="&LEFT(U$6,16)&"," -> .16.col=15,name=MAINS,
A82: =A25 -> 17 | C82: x | D82: JACKLYN.adella | E82: =COUNTA(F82:U82) -> 1 | I82: x | V82: =IF(E82=0,"x","") | W82: =_xlfn.XMATCH("x",F82:V82) -> 4 | X82: {=INDEX(F61:V61,W82)} -> Pink | Y82: =_xlfn.XLOOKUP(X82,refs!$A$2:$A$19,refs!$B$2:$B$19) -> 11 | Z82: {=INDEX($F$3:$V$3,W82)} -> #D4 | AA82: =IF(C82="x",Y82,_xlfn.XLOOKUP(C60,refs!$A$2:$A$19,refs!$B$2:$B$19)) -> 11 | AB82: ="."&A82&".col="&AA82&",mute="&IF(C82="x",0,1)&"," -> .17.col=11,mute=0, | AC82: ="."&A82&".tags="&Z82&"," -> .17.tags=#D4, | AD82: ="."&A82&".name="&LEFT(D82,16)&"," -> .17.name=JACKLYN.adella, | AE82: =".."&A82&".postins.on="&IF(B82="x",1,IF(B82="y",1,0))&",mode="&IF(B82="x","AUTO_X",IF(B82="y","AUTO_Y","FX"))&"," -> ..17.postins.on=0,mode=FX, | AF82: ="/cfg.amix.x="&IF(C61="x",1,0)&",/cfg.amix.y="&IF(C63="x",1,0)&"," -> /cfg.amix.x=1,/cfg.amix.y=1,
A83: =A26 -> 18 | C83: x | D83: SARAH.allana | E83: =COUNTA(F83:U83) -> 1 | I83: x | V83: =IF(E83=0,"x","") | W83: =_xlfn.XMATCH("x",F83:V83) -> 4 | X83: {=INDEX(F61:V61,W83)} -> Pink | Y83: =_xlfn.XLOOKUP(X83,refs!$A$2:$A$19,refs!$B$2:$B$19) -> 11 | Z83: {=INDEX($F$3:$V$3,W83)} -> #D4 | AA83: =IF(C83="x",Y83,_xlfn.XLOOKUP(C60,refs!$A$2:$A$19,refs!$B$2:$B$19)) -> 11 | AB83: ="."&A83&".col="&AA83&",mute="&IF(C83="x",0,1)&"," -> .18.col=11,mute=0, | AC83: ="."&A83&".tags="&Z83&"," -> .18.tags=#D4, | AD83: ="."&A83&".name="&LEFT(D83,16)&"," -> .18.name=SARAH.allana, | AE83: =".."&A83&".postins.on="&IF(B83="x",1,IF(B83="y",1,0))&",mode="&IF(B83="x","AUTO_X",IF(B83="y","AUTO_Y","FX"))&"," -> ..18.postins.on=0,mode=FX,
A84: =A27 -> 19 | C84: x | D84: REBECCA.maid | E84: =COUNTA(F84:U84) -> 1 | J84: x | V84: =IF(E84=0,"x","") | W84: =_xlfn.XMATCH("x",F84:V84) -> 5 | X84: {=INDEX(F61:V61,W84)} -> Green | Y84: =_xlfn.XLOOKUP(X84,refs!$A$2:$A$19,refs!$B$2:$B$19) -> 5 | Z84: {=INDEX($F$3:$V$3,W84)} -> #D5 | AA84: =IF(C84="x",Y84,_xlfn.XLOOKUP(C60,refs!$A$2:$A$19,refs!$B$2:$B$19)) -> 5 | AB84: ="."&A84&".col="&AA84&",mute="&IF(C84="x",0,1)&"," -> .19.col=5,mute=0, | AC84: ="."&A84&".tags="&Z84&"," -> .19.tags=#D5, | AD84: ="."&A84&".name="&LEFT(D84,16)&"," -> .19.name=REBECCA.maid, | AE84: =".."&A84&".postins.on="&IF(B84="x",1,IF(B84="y",1,0))&",mode="&IF(B84="x","AUTO_X",IF(B84="y","AUTO_Y","FX"))&"," -> ..19.postins.on=0,mode=FX,
A85: =A28 -> 20 | C85: x | D85: ANNIE.maid | E85: =COUNTA(F85:U85) -> 1 | J85: x | V85: =IF(E85=0,"x","") | W85: =_xlfn.XMATCH("x",F85:V85) -> 5 | X85: {=INDEX(F61:V61,W85)} -> Green | Y85: =_xlfn.XLOOKUP(X85,refs!$A$2:$A$19,refs!$B$2:$B$19) -> 5 | Z85: {=INDEX($F$3:$V$3,W85)} -> #D5 | AA85: =IF(C85="x",Y85,_xlfn.XLOOKUP(C60,refs!$A$2:$A$19,refs!$B$2:$B$19)) -> 5 | AB85: ="."&A85&".col="&AA85&",mute="&IF(C85="x",0,1)&"," -> .20.col=5,mute=0, | AC85: ="."&A85&".tags="&Z85&"," -> .20.tags=#D5, | AD85: ="."&A85&".name="&LEFT(D85,16)&"," -> .20.name=ANNIE.maid, | AE85: =".."&A85&".postins.on="&IF(B85="x",1,IF(B85="y",1,0))&",mode="&IF(B85="x","AUTO_X",IF(B85="y","AUTO_Y","FX"))&"," -> ..20.postins.on=0,mode=FX,
A86: =A29 -> 21 | C86: x | D86: KARA.maid | E86: =COUNTA(F86:U86) -> 1 | J86: x | V86: =IF(E86=0,"x","") | W86: =_xlfn.XMATCH("x",F86:V86) -> 5 | X86: {=INDEX(F61:V61,W86)} -> Green | Y86: =_xlfn.XLOOKUP(X86,refs!$A$2:$A$19,refs!$B$2:$B$19) -> 5 | Z86: {=INDEX($F$3:$V$3,W86)} -> #D5 | AA86: =IF(C86="x",Y86,_xlfn.XLOOKUP(C60,refs!$A$2:$A$19,refs!$B$2:$B$19)) -> 5 | AB86: ="."&A86&".col="&AA86&",mute="&IF(C86="x",0,1)&"," -> .21.col=5,mute=0, | AC86: ="."&A86&".tags="&Z86&"," -> .21.tags=#D5, | AD86: ="/ch."&A86&".name="&LEFT(D86,16)&"," -> /ch.21.name=KARA.maid, | AE86: ="/ch."&A86&".postins.on="&IF(B86="x",1,IF(B86="y",1,0))&",mode="&IF(B86="x","AUTO_X",IF(B86="y","AUTO_Y","FX"))&"," -> /ch.21.postins.on=0,mode=FX,
A87: =A30 -> 22 | C87: x | D87: GENEVIEVE.leeward | E87: =COUNTA(F87:U87) -> 1 | K87: x | V87: =IF(E87=0,"x","") | W87: =_xlfn.XMATCH("x",F87:V87) -> 6 | X87: {=INDEX(F61:V61,W87)} -> Turquoise | Y87: =_xlfn.XLOOKUP(X87,refs!$A$2:$A$19,refs!$B$2:$B$19) -> 4 | Z87: {=INDEX($F$3:$V$3,W87)} -> #D6 | AA87: =IF(C87="x",Y87,_xlfn.XLOOKUP(C60,refs!$A$2:$A$19,refs!$B$2:$B$19)) -> 4 | AB87: ="."&A87&".col="&AA87&",mute="&IF(C87="x",0,1)&"," -> .22.col=4,mute=0, | AC87: ="."&A87&".tags="&Z87&"," -> .22.tags=#D6, | AD87: ="."&A87&".name="&LEFT(D87,16)&"," -> .22.name=GENEVIEVE.leewar, | AE87: =".."&A87&".postins.on="&IF(B87="x",1,IF(B87="y",1,0))&",mode="&IF(B87="x","AUTO_X",IF(B87="y","AUTO_Y","FX"))&"," -> ..22.postins.on=0,mode=FX,
A88: =A31 -> 23 | C88: x | D88: JOCELYN.windward | E88: =COUNTA(F88:U88) -> 1 | K88: x | V88: =IF(E88=0,"x","") | W88: =_xlfn.XMATCH("x",F88:V88) -> 6 | X88: {=INDEX(F61:V61,W88)} -> Turquoise | Y88: =_xlfn.XLOOKUP(X88,refs!$A$2:$A$19,refs!$B$2:$B$19) -> 4 | Z88: {=INDEX($F$3:$V$3,W88)} -> #D6 | AA88: =IF(C88="x",Y88,_xlfn.XLOOKUP(C60,refs!$A$2:$A$19,refs!$B$2:$B$19)) -> 4 | AB88: ="."&A88&".col="&AA88&",mute="&IF(C88="x",0,1)&"," -> .23.col=4,mute=0, | AC88: ="."&A88&".tags="&Z88&"," -> .23.tags=#D6, | AD88: ="."&A88&".name="&LEFT(D88,16)&"," -> .23.name=JOCELYN.windward, | AE88: =".."&A88&".postins.on="&IF(B88="x",1,IF(B88="y",1,0))&",mode="&IF(B88="x","AUTO_X",IF(B88="y","AUTO_Y","FX"))&"," -> ..23.postins.on=0,mode=FX,
A89: =A32 -> 24 | D89: . | E89: =COUNTA(F89:U89) -> 0 | V89: =IF(E89=0,"x","") -> x | W89: =_xlfn.XMATCH("x",F89:V89) -> 17 | X89: {=INDEX(F61:V61,W89)} -> White | Y89: =_xlfn.XLOOKUP(X89,refs!$A$2:$A$19,refs!$B$2:$B$19) -> 18 | Z89: {=INDEX($F$3:$V$3,W89)} | AA89: =IF(C89="x",Y89,_xlfn.XLOOKUP(C60,refs!$A$2:$A$19,refs!$B$2:$B$19)) -> 17 | AB89: ="."&A89&".col="&AA89&",mute="&IF(C89="x",0,1)&"," -> .24.col=17,mute=1, | AC89: ="."&A89&".tags="&Z89&"," -> .24.tags=, | AD89: ="."&A89&".name="&LEFT(D89,16)&"," -> .24.name=., | AE89: =".."&A89&".postins.on="&IF(B89="x",1,IF(B89="y",1,0))&",mode="&IF(B89="x","AUTO_X",IF(B89="y","AUTO_Y","FX"))&"," -> ..24.postins.on=0,mode=FX,
A90: =A33 -> 25 | C90: x | D90: ROBERT.sail | E90: =COUNTA(F90:U90) -> 1 | H90: x | V90: =IF(E90=0,"x","") | W90: =_xlfn.XMATCH("x",F90:V90) -> 3 | X90: {=INDEX(F61:V61,W90)} -> Brown | Y90: =_xlfn.XLOOKUP(X90,refs!$A$2:$A$19,refs!$B$2:$B$19) -> 8 | Z90: {=INDEX($F$3:$V$3,W90)} -> #D3 | AA90: =IF(C90="x",Y90,_xlfn.XLOOKUP(C60,refs!$A$2:$A$19,refs!$B$2:$B$19)) -> 8 | AB90: ="."&A90&".col="&AA90&",mute="&IF(C90="x",0,1)&"," -> .25.col=8,mute=0, | AC90: ="."&A90&".tags="&Z90&"," -> .25.tags=#D3, | AD90: ="."&A90&".name="&LEFT(D90,16)&"," -> .25.name=ROBERT.sail, | AE90: =".."&A90&".postins.on="&IF(B90="x",1,IF(B90="y",1,0))&",mode="&IF(B90="x","AUTO_X",IF(B90="y","AUTO_Y","FX"))&"," -> ..25.postins.on=0,mode=FX,
A91: =A34 -> 26 | C91: x | D91: TOM.sail | E91: =COUNTA(F91:U91) -> 1 | H91: x | V91: =IF(E91=0,"x","") | W91: =_xlfn.XMATCH("x",F91:V91) -> 3 | X91: {=INDEX(F61:V61,W91)} -> Brown | Y91: =_xlfn.XLOOKUP(X91,refs!$A$2:$A$19,refs!$B$2:$B$19) -> 8 | Z91: {=INDEX($F$3:$V$3,W91)} -> #D3 | AA91: =IF(C91="x",Y91,_xlfn.XLOOKUP(C60,refs!$A$2:$A$19,refs!$B$2:$B$19)) -> 8 | AB91: ="."&A91&".col="&AA91&",mute="&IF(C91="x",0,1)&"," -> .26.col=8,mute=0, | AC91: ="."&A91&".tags="&Z91&"," -> .26.tags=#D3, | AD91: ="."&A91&".name="&LEFT(D91,16)&"," -> .26.name=TOM.sail, | AE91: =".."&A91&".postins.on="&IF(B91="x",1,IF(B91="y",1,0))&",mode="&IF(B91="x","AUTO_X",IF(B91="y","AUTO_Y","FX"))&"," -> ..26.postins.on=0,mode=FX,
A92: =A35 -> 27 | C92: x | D92: BILL.sail | E92: =COUNTA(F92:U92) -> 1 | H92: x | V92: =IF(E92=0,"x","") | W92: =_xlfn.XMATCH("x",F92:V92) -> 3 | X92: {=INDEX(F61:V61,W92)} -> Brown | Y92: =_xlfn.XLOOKUP(X92,refs!$A$2:$A$19,refs!$B$2:$B$19) -> 8 | Z92: {=INDEX($F$3:$V$3,W92)} -> #D3 | AA92: =IF(C92="x",Y92,_xlfn.XLOOKUP(C60,refs!$A$2:$A$19,refs!$B$2:$B$19)) -> 8 | AB92: ="."&A92&".col="&AA92&",mute="&IF(C92="x",0,1)&"," -> .27.col=8,mute=0, | AC92: ="."&A92&".tags="&Z92&"," -> .27.tags=#D3, | AD92: ="."&A92&".name="&LEFT(D92,16)&"," -> .27.name=BILL.sail, | AE92: =".."&A92&".postins.on="&IF(B92="x",1,IF(B92="y",1,0))&",mode="&IF(B92="x","AUTO_X",IF(B92="y","AUTO_Y","FX"))&"," -> ..27.postins.on=0,mode=FX,
A93: =A36 -> 28 | C93: x | D93: DENNIS.sail | E93: =COUNTA(F93:U93) -> 1 | H93: x | V93: =IF(E93=0,"x","") | W93: =_xlfn.XMATCH("x",F93:V93) -> 3 | X93: {=INDEX(F61:V61,W93)} -> Brown | Y93: =_xlfn.XLOOKUP(X93,refs!$A$2:$A$19,refs!$B$2:$B$19) -> 8 | Z93: {=INDEX($F$3:$V$3,W93)} -> #D3 | AA93: =IF(C93="x",Y93,_xlfn.XLOOKUP(C60,refs!$A$2:$A$19,refs!$B$2:$B$19)) -> 8 | AB93: ="."&A93&".col="&AA93&",mute="&IF(C93="x",0,1)&"," -> .28.col=8,mute=0, | AC93: ="."&A93&".tags="&Z93&"," -> .28.tags=#D3, | AD93: ="."&A93&".name="&LEFT(D93,16)&"," -> .28.name=DENNIS.sail, | AE93: =".."&A93&".postins.on="&IF(B93="x",1,IF(B93="y",1,0))&",mode="&IF(B93="x","AUTO_X",IF(B93="y","AUTO_Y","FX"))&"," -> ..28.postins.on=0,mode=FX,
A94: =A37 -> 29 | C94: x | D94: JOSHUA.sail | E94: =COUNTA(F94:U94) -> 1 | H94: x | V94: =IF(E94=0,"x","") | W94: =_xlfn.XMATCH("x",F94:V94) -> 3 | X94: {=INDEX(F61:V61,W94)} -> Brown | Y94: =_xlfn.XLOOKUP(X94,refs!$A$2:$A$19,refs!$B$2:$B$19) -> 8 | Z94: {=INDEX($F$3:$V$3,W94)} -> #D3 | AA94: =IF(C94="x",Y94,_xlfn.XLOOKUP(C60,refs!$A$2:$A$19,refs!$B$2:$B$19)) -> 8 | AB94: ="."&A94&".col="&AA94&",mute="&IF(C94="x",0,1)&"," -> .29.col=8,mute=0, | AC94: ="."&A94&".tags="&Z94&"," -> .29.tags=#D3, | AD94: ="."&A94&".name="&LEFT(D94,16)&"," -> .29.name=JOSHUA.sail, | AE94: =".."&A94&".postins.on="&IF(B94="x",1,IF(B94="y",1,0))&",mode="&IF(B94="x","AUTO_X",IF(B94="y","AUTO_Y","FX"))&"," -> ..29.postins.on=0,mode=FX,
A95: =A38 -> 30 | C95: x | D95: RAY.sail | E95: =COUNTA(F95:U95) -> 1 | H95: x | V95: =IF(E95=0,"x","") | W95: =_xlfn.XMATCH("x",F95:V95) -> 3 | X95: {=INDEX(F61:V61,W95)} -> Brown | Y95: =_xlfn.XLOOKUP(X95,refs!$A$2:$A$19,refs!$B$2:$B$19) -> 8 | Z95: {=INDEX($F$3:$V$3,W95)} -> #D3 | AA95: =IF(C95="x",Y95,_xlfn.XLOOKUP(C60,refs!$A$2:$A$19,refs!$B$2:$B$19)) -> 8 | AB95: ="."&A95&".col="&AA95&",mute="&IF(C95="x",0,1)&"," -> .30.col=8,mute=0, | AC95: ="."&A95&".tags="&Z95&"," -> .30.tags=#D3, | AD95: ="."&A95&".name="&LEFT(D95,16)&"," -> .30.name=RAY.sail, | AE95: =".."&A95&".postins.on="&IF(B95="x",1,IF(B95="y",1,0))&",mode="&IF(B95="x","AUTO_X",IF(B95="y","AUTO_Y","FX"))&"," -> ..30.postins.on=0,mode=FX,
A96: =A39 -> 31 | C96: x | D96: WILL.sail | E96: =COUNTA(F96:U96) -> 1 | H96: x | V96: =IF(E96=0,"x","") | W96: =_xlfn.XMATCH("x",F96:V96) -> 3 | X96: {=INDEX(F61:V61,W96)} -> Brown | Y96: =_xlfn.XLOOKUP(X96,refs!$A$2:$A$19,refs!$B$2:$B$19) -> 8 | Z96: {=INDEX($F$3:$V$3,W96)} -> #D3 | AA96: =IF(C96="x",Y96,_xlfn.XLOOKUP(C60,refs!$A$2:$A$19,refs!$B$2:$B$19)) -> 8 | AB96: ="."&A96&".col="&AA96&",mute="&IF(C96="x",0,1)&"," -> .31.col=8,mute=0, | AC96: ="."&A96&".tags="&Z96&"," -> .31.tags=#D3, | AD96: ="."&A96&".name="&LEFT(D96,16)&"," -> .31.name=WILL.sail, | AE96: =".."&A96&".postins.on="&IF(B96="x",1,IF(B96="y",1,0))&",mode="&IF(B96="x","AUTO_X",IF(B96="y","AUTO_Y","FX"))&"," -> ..31.postins.on=0,mode=FX,
A97: =A40 -> 32 | C97: x | D97: PRISCILLA | E97: =COUNTA(F97:U97) -> 1 | L97: x | V97: =IF(E97=0,"x","") | W97: =_xlfn.XMATCH("x",F97:V97) -> 7 | X97: {=INDEX(F61:V61,W97)} -> BrightB | Y97: =_xlfn.XLOOKUP(X97,refs!$A$2:$A$19,refs!$B$2:$B$19) -> 2 | Z97: {=INDEX($F$3:$V$3,W97)} -> #D7 | AA97: =IF(C97="x",Y97,_xlfn.XLOOKUP(C60,refs!$A$2:$A$19,refs!$B$2:$B$19)) -> 2 | AB97: ="."&A97&".col="&AA97&",mute="&IF(C97="x",0,1)&"," -> .32.col=2,mute=0, | AC97: ="."&A97&".tags="&Z97&"," -> .32.tags=#D7, | AD97: ="."&A97&".name="&LEFT(D97,16)&"," -> .32.name=PRISCILLA, | AE97: =".."&A97&".postins.on="&IF(B97="x",1,IF(B97="y",1,0))&",mode="&IF(B97="x","AUTO_X",IF(B97="y","AUTO_Y","FX"))&"," -> ..32.postins.on=0,mode=FX,
A98: =A41 -> 33 | C98: x | D98: RACHELS | E98: =COUNTA(F98:U98) -> 1 | L98: x | V98: =IF(E98=0,"x","") | W98: =_xlfn.XMATCH("x",F98:V98) -> 7 | X98: {=INDEX(F61:V61,W98)} -> BrightB | Y98: =_xlfn.XLOOKUP(X98,refs!$A$2:$A$19,refs!$B$2:$B$19) -> 2 | Z98: {=INDEX($F$3:$V$3,W98)} -> #D7 | AA98: =IF(C98="x",Y98,_xlfn.XLOOKUP(C60,refs!$A$2:$A$19,refs!$B$2:$B$19)) -> 2 | AB98: ="."&A98&".col="&AA98&",mute="&IF(C98="x",0,1)&"," -> .33.col=2,mute=0, | AC98: ="."&A98&".tags="&Z98&"," -> .33.tags=#D7, | AD98: ="."&A98&".name="&LEFT(D98,16)&"," -> .33.name=RACHELS, | AE98: =".."&A98&".postins.on="&IF(B98="x",1,IF(B98="y",1,0))&",mode="&IF(B98="x","AUTO_X",IF(B98="y","AUTO_Y","FX"))&"," -> ..33.postins.on=0,mode=FX,
A99: =A42 -> 34 | C99: x | D99: JEN | E99: =COUNTA(F99:U99) -> 1 | L99: x | V99: =IF(E99=0,"x","") | W99: =_xlfn.XMATCH("x",F99:V99) -> 7 | X99: {=INDEX(F61:V61,W99)} -> BrightB | Y99: =_xlfn.XLOOKUP(X99,refs!$A$2:$A$19,refs!$B$2:$B$19) -> 2 | Z99: {=INDEX($F$3:$V$3,W99)} -> #D7 | AA99: =IF(C99="x",Y99,_xlfn.XLOOKUP(C60,refs!$A$2:$A$19,refs!$B$2:$B$19)) -> 2 | AB99: ="."&A99&".col="&AA99&",mute="&IF(C99="x",0,1)&"," -> .34.col=2,mute=0, | AC99: ="."&A99&".tags="&Z99&"," -> .34.tags=#D7, | AD99: ="."&A99&".name="&LEFT(D99,16)&"," -> .34.name=JEN, | AE99: =".."&A99&".postins.on="&IF(B99="x",1,IF(B99="y",1,0))&",mode="&IF(B99="x","AUTO_X",IF(B99="y","AUTO_Y","FX"))&"," -> ..34.postins.on=0,mode=FX,
A100: =A43 -> 35 | C100: x | D100: OS1 | E100: =COUNTA(F100:U100) -> 1 | P100: x | V100: =IF(E100=0,"x","") | W100: =_xlfn.XMATCH("x",F100:V100) -> 11 | X100: {=INDEX(F61:V61,W100)} -> Violet | Y100: =_xlfn.XLOOKUP(X100,refs!$A$2:$A$19,refs!$B$2:$B$19) -> 3 | Z100: {=INDEX($F$3:$V$3,W100)} -> #D11 | AA100: =IF(C100="x",Y100,_xlfn.XLOOKUP(C60,refs!$A$2:$A$19,refs!$B$2:$B$19)) -> 3 | AB100: ="."&A100&".col="&AA100&",mute="&IF(C100="x",0,1)&"," -> .35.col=3,mute=0, | AC100: ="."&A100&".tags="&Z100&"," -> .35.tags=#D11, | AD100: ="."&A100&".name="&LEFT(D100,16)&"," -> .35.name=OS1, | AE100: =".."&A100&".postins.on="&IF(B100="x",1,IF(B100="y",1,0))&",mode="&IF(B100="x","AUTO_X",IF(B100="y","AUTO_Y","FX"))&"," -> ..35.postins.on=0,mode=FX,
A101: =A44 -> 36 | C101: x | D101: OS2 | E101: =COUNTA(F101:U101) -> 1 | P101: x | V101: =IF(E101=0,"x","") | W101: =_xlfn.XMATCH("x",F101:V101) -> 11 | X101: {=INDEX(F61:V61,W101)} -> Violet | Y101: =_xlfn.XLOOKUP(X101,refs!$A$2:$A$19,refs!$B$2:$B$19) -> 3 | Z101: {=INDEX($F$3:$V$3,W101)} -> #D11 | AA101: =IF(C101="x",Y101,_xlfn.XLOOKUP(C60,refs!$A$2:$A$19,refs!$B$2:$B$19)) -> 3 | AB101: ="."&A101&".col="&AA101&",mute="&IF(C101="x",0,1)&"," -> .36.col=3,mute=0, | AC101: ="."&A101&".tags="&Z101&"," -> .36.tags=#D11, | AD101: ="."&A101&".name="&LEFT(D101,16)&"," -> .36.name=OS2, | AE101: =".."&A101&".postins.on="&IF(B101="x",1,IF(B101="y",1,0))&",mode="&IF(B101="x","AUTO_X",IF(B101="y","AUTO_Y","FX"))&"," -> ..36.postins.on=0,mode=FX,
A102: =A45 -> 37 | D102: unusedos | E102: =COUNTA(F102:U102) -> 0 | V102: =IF(E102=0,"x","") -> x | W102: =_xlfn.XMATCH("x",F102:V102) -> 17 | X102: {=INDEX(F61:V61,W102)} -> White | Y102: =_xlfn.XLOOKUP(X102,refs!$A$2:$A$19,refs!$B$2:$B$19) -> 18 | Z102: {=INDEX($F$3:$V$3,W102)} | AA102: =IF(C102="x",Y102,_xlfn.XLOOKUP(C60,refs!$A$2:$A$19,refs!$B$2:$B$19)) -> 17 | AB102: ="."&A102&".col="&AA102&",mute="&IF(C102="x",0,1)&"," -> .37.col=17,mute=1, | AC102: ="."&A102&".tags="&Z102&"," -> .37.tags=, | AD102: ="."&A102&".name="&LEFT(D102,16)&"," -> .37.name=unusedos, | AE102: =".."&A102&".postins.on="&IF(B102="x",1,IF(B102="y",1,0))&",mode="&IF(B102="x","AUTO_X",IF(B102="y","AUTO_Y","FX"))&"," -> ..37.postins.on=0,mode=FX,
A103: =A46 -> 38 | C103: x | D103: VOX.fr.ext | E103: =COUNTA(F103:U103) -> 0 | V103: =IF(E103=0,"x","") -> x | W103: =_xlfn.XMATCH("x",F103:V103) -> 17 | X103: {=INDEX(F61:V61,W103)} -> White | Y103: =_xlfn.XLOOKUP(X103,refs!$A$2:$A$19,refs!$B$2:$B$19) -> 18 | Z103: {=INDEX($F$3:$V$3,W103)} | AA103: =IF(C103="x",Y103,_xlfn.XLOOKUP(C60,refs!$A$2:$A$19,refs!$B$2:$B$19)) -> 18 | AB103: ="."&A103&".col="&AA103&",mute="&IF(C103="x",0,1)&"," -> .38.col=18,mute=0, | AC103: ="."&A103&".tags="&Z103&"," -> .38.tags=, | AD103: ="."&A103&".name="&LEFT(D103,16)&"," -> .38.name=VOX.fr.ext, | AE103: =".."&A103&".postins.on="&IF(B103="x",1,IF(B103="y",1,0))&",mode="&IF(B103="x","AUTO_X",IF(B103="y","AUTO_Y","FX"))&"," -> ..38.postins.on=0,mode=FX,
A104: =A47 -> 39 | C104: x | D104: INS.fr.ext | E104: =COUNTA(F104:U104) -> 0 | V104: =IF(E104=0,"x","") -> x | W104: =_xlfn.XMATCH("x",F104:V104) -> 17 | X104: {=INDEX(F61:V61,W104)} -> White | Y104: =_xlfn.XLOOKUP(X104,refs!$A$2:$A$19,refs!$B$2:$B$19) -> 18 | Z104: {=INDEX($F$3:$V$3,W104)} | AA104: =IF(C104="x",Y104,_xlfn.XLOOKUP(C60,refs!$A$2:$A$19,refs!$B$2:$B$19)) -> 18 | AB104: ="."&A104&".col="&AA104&",mute="&IF(C104="x",0,1)&"," -> .39.col=18,mute=0, | AC104: ="."&A104&".tags="&Z104&"," -> .39.tags=, | AD104: ="."&A104&".name="&LEFT(D104,16)&"," -> .39.name=INS.fr.ext, | AE104: =".."&A104&".postins.on="&IF(B104="x",1,IF(B104="y",1,0))&",mode="&IF(B104="x","AUTO_X",IF(B104="y","AUTO_Y","FX"))&"," -> ..39.postins.on=0,mode=FX,
A105: =A48 -> 40 | C105: x | D105: pass.fr.w2 | E105: =COUNTA(F105:U105) -> 0 | V105: =IF(E105=0,"x","") -> x | W105: =_xlfn.XMATCH("x",F105:V105) -> 17 | X105: {=INDEX(F61:V61,W105)} -> White | Y105: =_xlfn.XLOOKUP(X105,refs!$A$2:$A$19,refs!$B$2:$B$19) -> 18 | Z105: {=INDEX($F$3:$V$3,W105)} | AA105: =IF(C105="x",Y105,_xlfn.XLOOKUP(C60,refs!$A$2:$A$19,refs!$B$2:$B$19)) -> 18 | AB105: ="."&A105&".col="&AA105&",mute="&IF(C105="x",0,1)&"," -> .40.col=18,mute=0, | AC105: ="."&A105&".tags="&Z105&"," -> .40.tags=, | AD105: ="."&A105&".name="&LEFT(D105,16)&"," -> .40.name=pass.fr.w2, | AE105: =".."&A105&".postins.on="&IF(B105="x",1,IF(B105="y",1,0))&",mode="&IF(B105="x","AUTO_X",IF(B105="y","AUTO_Y","FX"))&"," -> ..40.postins.on=0,mode=FX,
...

Sheet EXPORT
A1: {=IF(INDEX(CUEs!$A:$A,INT((ROW()-1)/7)*57+MOD(ROW()-1,7)+50)<>"","set "&INDEX(CUEs!$A:$A,INT((ROW()-1)/7)*57+MOD(ROW()-1,7)+50)&"=/ s "&INDEX(CUEs!$B:$B,INT((ROW()-1)/7)*57+MOD(ROW()-1,7)+50),"")} -> set w1_0001_ch_col_mute=/ s /ch.1.col=7,mute=0,.2.col=7,mute=0,.3.col=7,mute=0,.4.col=7,mute=0,.5.col=4,mute=0,.6.col=5,mute=0,.7.col=6,mute=0,.8.col=7,mute=0,.9.col=8,mute=0,.10.col=9,mute=0,.11.col=10,mute=0,.12.col=11,mute=0,.13.col=12,mute=0,.14.col=13,mute=0,.15.col=14,mute=0,.16.col=15,mute=0,.17.col=18,mute=0,.18.col=18,mute=0,.19.col=18,mute=0,.20.col=18,mute=0,.21.col=18,mute=0,.22.col=18,mute=0,.23.col=18,mute=0,.24.col=17,mute=1,.25.col=18,mute=0,.26.col=18,mute=0,.27.col=18,mute=0,.28.col=18,mute=0,.29.col=18,mute=0,.30.col=18,mute=0,.31.col=18,mute=0,.32.col=18,mute=0,.33.col=18,mute=0,.34.col=18,mute=0,.35.col=18,mute=0,.36.col=18,mute=0,.37.col=17,mute=1,.38.col=18,mute=0,.39.col=18,mute=0,.40.col=18,mute=0,
A2: {=IF(INDEX(CUEs!$A:$A,INT((ROW()-1)/7)*57+MOD(ROW()-1,7)+50)<>"","set "&INDEX(CUEs!$A:$A,INT((ROW()-1)/7)*57+MOD(ROW()-1,7)+50)&"=/ s "&INDEX(CUEs!$B:$B,INT((ROW()-1)/7)*57+MOD(ROW()-1,7)+50),"")} -> set w1_0001_ch_tags=/ s /ch.1.tags=#D8,.2.tags=#D1,.3.tags=#D1,.4.tags=#D1,.5.tags=#D5,.6.tags=#D6,.7.tags=#D7,.8.tags=#D8,.9.tags=#D9,.10.tags=#D10,.11.tags=#D11,.12.tags=#D12,.13.tags=#D13,.14.tags=#D14,.15.tags=#D15,.16.tags=#D16,.17.tags=,.18.tags=,.19.tags=,.20.tags=,.21.tags=,.22.tags=,.23.tags=,.24.tags=,.25.tags=,.26.tags=,.27.tags=,.28.tags=,.29.tags=,.30.tags=,.31.tags=,.32.tags=,.33.tags=,.34.tags=,.35.tags=,.36.tags=,.37.tags=,.38.tags=,.39.tags=,.40.tags=,
A3: {=IF(INDEX(CUEs!$A:$A,INT((ROW()-1)/7)*57+MOD(ROW()-1,7)+50)<>"","set "&INDEX(CUEs!$A:$A,INT((ROW()-1)/7)*57+MOD(ROW()-1,7)+50)&"=/ s "&INDEX(CUEs!$B:$B,INT((ROW()-1)/7)*57+MOD(ROW()-1,7)+50),"")} -> set w1_0001_ch_names_a=/ s /ch.1.name=CAROLINE.ariel,.2.name=GABE.eric,.3.name=KEITH.grimsby,.4.name=CHADLEY.sebastia,.5.name=ANNA.flounder,.6.name=MARGERY.ursula,.7.name=JOHN.triton,.8.name=JUDAH.chefL,.9.name=BRIDGET.scuttle,.10.name=DYLAN.flotsam,.11.name=ELIJAH.jetsam,.12.name=SYR.pilot,.13.name=KATELYN.aquata,.14.name=NADJA.adrina,.15.name=RACHELP.arista,.16.name=MAURA.atina,.17.name=JACKLYN.adella,.18.name=SARAH.allana,.19.name=REBECCA.maid,.20.name=ANNIE.maid,
A4: {=IF(INDEX(CUEs!$A:$A,INT((ROW()-1)/7)*57+MOD(ROW()-1,7)+50)<>"","set "&INDEX(CUEs!$A:$A,INT((ROW()-1)/7)*57+MOD(ROW()-1,7)+50)&"=/ s "&INDEX(CUEs!$B:$B,INT((ROW()-1)/7)*57+MOD(ROW()-1,7)+50),"")} -> set w1_0001_ch_names_b=/ s /ch.21.name=KARA.maid,.22.name=GENEVIEVE.leewar,.23.name=JOCELYN.windward,.24.name=.,.25.name=ROBERT.sail,.26.name=TOM.sail,.27.name=BILL.sail,.28.name=DENNIS.sail,.29.name=JOSHUA.sail,.30.name=RAY.sail,.31.name=WILL.sail,.32.name=PRISCILLA,.33.name=RACHELS,.34.name=JEN,.35.name=OS1,.36.name=OS2,.37.name=unusedos,.38.name=VOX.fr.ext,.39.name=INS.fr.ext,.40.name=pass.fr.w2,
A5: {=IF(INDEX(CUEs!$A:$A,INT((ROW()-1)/7)*57+MOD(ROW()-1,7)+50)<>"","set "&INDEX(CUEs!$A:$A,INT((ROW()-1)/7)*57+MOD(ROW()-1,7)+50)&"=/ s "&INDEX(CUEs!$B:$B,INT((ROW()-1)/7)*57+MOD(ROW()-1,7)+50),"")} -> set w1_0001_ch_postins_a=/ s /ch.1.postins.on=1,mode=AUTO_X,..2.postins.on=1,mode=AUTO_X,..3.postins.on=1,mode=AUTO_X,..4.postins.on=0,mode=FX,..5.postins.on=1,mode=AUTO_X,..6.postins.on=1,mode=AUTO_X,..7.postins.on=1,mode=AUTO_X,..8.postins.on=1,mode=AUTO_X,..9.postins.on=1,mode=AUTO_X,..10.postins.on=1,mode=AUTO_X,..11.postins.on=1,mode=AUTO_X,..12.postins.on=1,mode=AUTO_X,..13.postins.on=1,mode=AUTO_Y,..14.postins.on=1,mode=AUTO_Y,..15.postins.on=1,mode=AUTO_Y,..16.postins.on=1,mode=AUTO_Y,..17.postins.on=0,mode=FX,..18.postins.on=0,mode=FX,..19.postins.on=0,mode=FX,..20.postins.on=0,mode=FX,
A6: {=IF(INDEX(CUEs!$A:$A,INT((ROW()-1)/7)*57+MOD(ROW()-1,7)+50)<>"","set "&INDEX(CUEs!$A:$A,INT((ROW()-1)/7)*57+MOD(ROW()-1,7)+50)&"=/ s "&INDEX(CUEs!$B:$B,INT((ROW()-1)/7)*57+MOD(ROW()-1,7)+50),"")} -> set w1_0001_ch_postins_b=/ s /ch.21.postins.on=0,mode=FX,..22.postins.on=0,mode=FX,..23.postins.on=0,mode=FX,..24.postins.on=0,mode=FX,..25.postins.on=0,mode=FX,..26.postins.on=0,mode=FX,..27.postins.on=0,mode=FX,..28.postins.on=0,mode=FX,..29.postins.on=0,mode=FX,..30.postins.on=0,mode=FX,..31.postins.on=0,mode=FX,..32.postins.on=0,mode=FX,..33.postins.on=0,mode=FX,..34.postins.on=0,mode=FX,..35.postins.on=0,mode=FX,..36.postins.on=0,mode=FX,..37.postins.on=0,mode=FX,..38.postins.on=0,mode=FX,..39.postins.on=0,mode=FX,..40.postins.on=0,mode=FX,
A7: {=IF(INDEX(CUEs!$A:$A,INT((ROW()-1)/7)*57+MOD(ROW()-1,7)+50)<>"","set "&INDEX(CUEs!$A:$A,INT((ROW()-1)/7)*57+MOD(ROW()-1,7)+50)&"=/ s "&INDEX(CUEs!$B:$B,INT((ROW()-1)/7)*57+MOD(ROW()-1,7)+50),"")} -> set w1_0001_dcas_amix=/ s /dca.1.col=7,name=LEADS,.2.col=1,name=FlotJet,.3.col=2,name=Sail,.4.col=3,name=Sisters,.5.col=4,name=Maids,.6.col=5,name=LeeWind,.7.col=6,name=PrRaJen,.8.col=7,name=.,.9.col=8,name=.,.10.col=9,name=.,.11.col=10,name=OS,.12.col=11,name=VOX+.VRB,.13.col=12,name=VOX_.VRB,.14.col=13,name=INST+.VRB,.15.col=14,name=INST_.VRB,.16.col=15,name=MAINS,/cfg.amix.x=1,/cfg.amix.y=1,
A8: {=IF(INDEX(CUEs!$A:$A,INT((ROW()-1)/7)*57+MOD(ROW()-1,7)+50)<>"","set "&INDEX(CUEs!$A:$A,INT((ROW()-1)/7)*57+MOD(ROW()-1,7)+50)&"=/ s "&INDEX(CUEs!$B:$B,INT((ROW()-1)/7)*57+MOD(ROW()-1,7)+50),"")} -> set w1_0002_ch_col_mute=/ s /ch.1.col=13,mute=0,.2.col=13,mute=0,.3.col=13,mute=0,.4.col=13,mute=0,.5.col=13,mute=0,.6.col=13,mute=0,.7.col=13,mute=0,.8.col=13,mute=0,.9.col=13,mute=0,.10.col=10,mute=0,.11.col=10,mute=0,.12.col=8,mute=0,.13.col=11,mute=0,.14.col=11,mute=0,.15.col=11,mute=0,.16.col=11,mute=0,.17.col=11,mute=0,.18.col=11,mute=0,.19.col=5,mute=0,.20.col=5,mute=0,.21.col=5,mute=0,.22.col=4,mute=0,.23.col=4,mute=0,.24.col=17,mute=1,.25.col=8,mute=0,.26.col=8,mute=0,.27.col=8,mute=0,.28.col=8,mute=0,.29.col=8,mute=0,.30.col=8,mute=0,.31.col=8,mute=0,.32.col=2,mute=0,.33.col=2,mute=0,.34.col=2,mute=0,.35.col=3,mute=0,.36.col=3,mute=0,.37.col=17,mute=1,.38.col=18,mute=0,.39.col=18,mute=0,.40.col=18,mute=0,
A9: {=IF(INDEX(CUEs!$A:$A,INT((ROW()-1)/7)*57+MOD(ROW()-1,7)+50)<>"","set "&INDEX(CUEs!$A:$A,INT((ROW()-1)/7)*57+MOD(ROW()-1,7)+50)&"=/ s "&INDEX(CUEs!$B:$B,INT((ROW()-1)/7)*57+MOD(ROW()-1,7)+50),"")} -> set w1_0002_ch_tags=/ s /ch.1.tags=#D1,.2.tags=#D1,.3.tags=#D1,.4.tags=#D1,.5.tags=#D1,.6.tags=#D1,.7.tags=#D1,.8.tags=#D1,.9.tags=#D1,.10.tags=#D2,.11.tags=#D2,.12.tags=#D3,.13.tags=#D4,.14.tags=#D4,.15.tags=#D4,.16.tags=#D4,.17.tags=#D4,.18.tags=#D4,.19.tags=#D5,.20.tags=#D5,.21.tags=#D5,.22.tags=#D6,.23.tags=#D6,.24.tags=,.25.tags=#D3,.26.tags=#D3,.27.tags=#D3,.28.tags=#D3,.29.tags=#D3,.30.tags=#D3,.31.tags=#D3,.32.tags=#D7,.33.tags=#D7,.34.tags=#D7,.35.tags=#D11,.36.tags=#D11,.37.tags=,.38.tags=,.39.tags=,.40.tags=,
A10: {=IF(INDEX(CUEs!$A:$A,INT((ROW()-1)/7)*57+MOD(ROW()-1,7)+50)<>"","set "&INDEX(CUEs!$A:$A,INT((ROW()-1)/7)*57+MOD(ROW()-1,7)+50)&"=/ s "&INDEX(CUEs!$B:$B,INT((ROW()-1)/7)*57+MOD(ROW()-1,7)+50),"")} -> set w1_0002_ch_names_a=/ s /ch.1.name=CAROLINE.ariel,.2.name=GABE.eric,.3.name=KEITH.grimsby,.4.name=CHADLEY.sebastia,.5.name=ANNA.flounder,.6.name=MARGERY.ursula,.7.name=JOHN.triton,.8.name=JUDAH.chefL,.9.name=BRIDGET.scuttle,.10.name=DYLAN.flotsam,.11.name=ELIJAH.jetsam,.12.name=SYR.pilot,.13.name=KATELYN.aquata,.14.name=NADJA.adrina,.15.name=RACHELP.arista,.16.name=MAURA.atina,.17.name=JACKLYN.adella,.18.name=SARAH.allana,.19.name=REBECCA.maid,.20.name=ANNIE.maid,
A11: {=IF(INDEX(CUEs!$A:$A,INT((ROW()-1)/7)*57+MOD(ROW()-1,7)+50)<>"","set "&INDEX(CUEs!$A:$A,INT((ROW()-1)/7)*57+MOD(ROW()-1,7)+50)&"=/ s "&INDEX(CUEs!$B:$B,INT((ROW()-1)/7)*57+MOD(ROW()-1,7)+50),"")} -> set w1_0002_ch_names_b=/ s /ch.21.name=KARA.maid,.22.name=GENEVIEVE.leewar,.23.name=JOCELYN.windward,.24.name=.,.25.name=ROBERT.sail,.26.name=TOM.sail,.27.name=BILL.sail,.28.name=DENNIS.sail,.29.name=JOSHUA.sail,.30.name=RAY.sail,.31.name=WILL.sail,.32.name=PRISCILLA,.33.name=RACHELS,.34.name=JEN,.35.name=OS1,.36.name=OS2,.37.name=unusedos,.38.name=VOX.fr.ext,.39.name=INS.fr.ext,.40.name=pass.fr.w2,
A12: {=IF(INDEX(CUEs!$A:$A,INT((ROW()-1)/7)*57+MOD(ROW()-1,7)+50)<>"","set "&INDEX(CUEs!$A:$A,INT((ROW()-1)/7)*57+MOD(ROW()-1,7)+50)&"=/ s "&INDEX(CUEs!$B:$B,INT((ROW()-1)/7)*57+MOD(ROW()-1,7)+50),"")} -> set w1_0002_ch_postins_a=/ s /ch.1.postins.on=1,mode=AUTO_X,..2.postins.on=1,mode=AUTO_X,..3.postins.on=1,mode=AUTO_X,..4.postins.on=0,mode=FX,..5.postins.on=1,mode=AUTO_X,..6.postins.on=1,mode=AUTO_X,..7.postins.on=1,mode=AUTO_X,..8.postins.on=1,mode=AUTO_X,..9.postins.on=1,mode=AUTO_X,..10.postins.on=1,mode=AUTO_X,..11.postins.on=1,mode=AUTO_X,..12.postins.on=1,mode=AUTO_X,..13.postins.on=1,mode=AUTO_Y,..14.postins.on=1,mode=AUTO_Y,..15.postins.on=1,mode=AUTO_Y,..16.postins.on=1,mode=AUTO_Y,..17.postins.on=0,mode=FX,..18.postins.on=0,mode=FX,..19.postins.on=0,mode=FX,..20.postins.on=0,mode=FX,
... A6500: {=IF(INDEX(CUEs!$A:$A,INT((ROW()-1)/7)*57+MOD(ROW()-1,7)+50)<>"","set "&INDEX(CUEs!$A:$A,INT((ROW()-1)/7)*57+MOD(ROW()-1,7)+50)&"=/ s "&INDEX(CUEs!$B:$B,INT((ROW()-1)/7)*57+MOD(ROW()-1,7)+50),"")}

Sheet README
A1: Overview
A4: To use this sheet in a CUE the cue file needs to reference the strings this sheet creates. These strings are in the EXPORT tab.
A5: Ideally, copy the content of EXPORT and use NOTEPAD and paste the content there. Then save that as a file in the folder where your CUEs are.
A6: The Export tab has about 4000 rows populated with formulas. But if you need more, just copy and paste from prior row(s) in that same tab as needed.
A8: In the Build_Variable_From_File.cmd file follow the instructions and use the file name you saved in the code you edit in that file.
A11: Then in the CUE enter the following but instead of "WING1" use the reference you set up for the mixer in the Build_Device_Types.cmd file for the target mixer and use the cell D2 (etc.) value insead of "w1_001" value:
A12: WING1|VARIABLEFROMFILE|w1_0001_ch_col_mute|
A13: WING1|VARIABLEFROMFILE|w1_0001_ch_tags|
A14: WING1|VARIABLEFROMFILE|w1_0001_ch_names_a|
A15: WING1|VARIABLEFROMFILE|w1_0001_ch_names_b|
A16: WING1|VARIABLEFROMFILE|w1_0001_ch_postins_a|
A17: WING1|VARIABLEFROMFILE|w1_0001_ch_postins_b|
... A57: That's about it!

Sheet Change Log
A1: 20261026a
A2: Split the names OSC into 2 lines because it was possible for the OSC string to exceed the 1024 character limit
A3: Names now use these lines:
A4: WING1|VARIABLEFROMFILE|w1_0001_ch_names_a|
A5: WING1|VARIABLEFROMFILE|w1_0001_ch_names_b|
A7: 20261016b
A8: Initial Release

Sheet refs
A1: COLORS
A2: MediumB | B2: 1
A3: BrightB | B3: 2
A4: Violet | B4: 3
A5: Turquoise | B5: 4
A6: Green | B6: 5
A7: OliveG | B7: 6
A8: Yellow | B8: 7
A9: Brown | B9: 8
A10: Red | B10: 9
A11: Coral | B11: 10
A12: Pink | B12: 11
A13: DarkV | B13: 12
... A19: White | B19: 18
A21: POSTINS
A22: FX
A23: AUTO_X
A24: AUTO_Y
