Workbook

Sheet USE THIS
A1: v20260327a | C1: =COUNTA(C2:C200) -> 73 | D1: First Connection | F1: PATH Part 1 | H1: formula | J1: PATH Part 2 | L1: formula | M1: Final to MIX | N1: VBM
D2: X32.out.BUS.01->UNET.13 | E2: ="->" -> -> | F2: X32.out.B.45 | G2: ="=" -> = | H2: ="WR1.in."&MID(F2,9,4) -> WR1.in.B.45 | M2: WR1.CH.01 | N2: =IF(MID(M2,1,3)="X32",VALUE(MID(M2,8,2)+96), IF(MID(M2,1,3)="WR1",VALUE(MID(M2,8,2)+0), IF(MID(M2,1,3)="WR2",VALUE(MID(M2,8,2)+48),"."))) -> 1
D3: X32.out.BUS.02->UNET.14 | E3: ="->" -> -> | F3: X32.out.B.46 | G3: ="=" -> = | H3: ="WR1.in."&MID(F3,9,4) -> WR1.in.B.46 | M3: WR1.CH.02 | N3: =IF(MID(M3,1,3)="X32",VALUE(MID(M3,8,2)+96), IF(MID(M3,1,3)="WR1",VALUE(MID(M3,8,2)+0), IF(MID(M3,1,3)="WR2",VALUE(MID(M3,8,2)+48),"."))) -> 2
D4: X32.out.BUS.03->UNET.15 | E4: ="->" -> -> | F4: X32.out.B.47 | G4: ="=" -> = | H4: ="WR1.in."&MID(F4,9,4) -> WR1.in.B.47 | M4: WR1.CH.03 | N4: =IF(MID(M4,1,3)="X32",VALUE(MID(M4,8,2)+96), IF(MID(M4,1,3)="WR1",VALUE(MID(M4,8,2)+0), IF(MID(M4,1,3)="WR2",VALUE(MID(M4,8,2)+48),"."))) -> 3
D5: X32.out.BUS.04->UNET.16 | E5: ="->" -> -> | F5: X32.out.B.48 | G5: ="=" -> = | H5: ="WR1.in."&MID(F5,9,4) -> WR1.in.B.48 | M5: WR1.CH.04 | N5: =IF(MID(M5,1,3)="X32",VALUE(MID(M5,8,2)+96), IF(MID(M5,1,3)="WR1",VALUE(MID(M5,8,2)+0), IF(MID(M5,1,3)="WR2",VALUE(MID(M5,8,2)+48),"."))) -> 4
A6: SLX.14 | B6: Pr Jeff | C6: Spoken.01 | D6: X32.in.LCL.01 | E6: ="->" -> -> | F6: X32.BUS.01 | M6: X32.CH.01 | N6: =IF(MID(M6,1,3)="X32",VALUE(MID(M6,8,2)+96), IF(MID(M6,1,3)="WR1",VALUE(MID(M6,8,2)+0), IF(MID(M6,1,3)="WR2",VALUE(MID(M6,8,2)+48),"."))) -> 97
A7: SLX.07 | B7: Vicar | C7: Spoken.02 | D7: X32.in.LCL.02 | E7: ="->" -> -> | F7: X32.BUS.01 | M7: X32.CH.02 | N7: =IF(MID(M7,1,3)="X32",VALUE(MID(M7,8,2)+96), IF(MID(M7,1,3)="WR1",VALUE(MID(M7,8,2)+0), IF(MID(M7,1,3)="WR2",VALUE(MID(M7,8,2)+48),"."))) -> 98
A8: SLX.08 | B8: Pr Paul | C8: Spoken.03 | D8: X32.in.LCL.03 | E8: ="->" -> -> | F8: X32.BUS.01 | M8: X32.CH.03 | N8: =IF(MID(M8,1,3)="X32",VALUE(MID(M8,8,2)+96), IF(MID(M8,1,3)="WR1",VALUE(MID(M8,8,2)+0), IF(MID(M8,1,3)="WR2",VALUE(MID(M8,8,2)+48),"."))) -> 99
A9: SLX.10 | B9: Kenzie | C9: Spoken.04 | D9: X32.in.LCL.04 | E9: ="->" -> -> | F9: X32.BUS.01 | M9: X32.CH.04 | N9: =IF(MID(M9,1,3)="X32",VALUE(MID(M9,8,2)+96), IF(MID(M9,1,3)="WR1",VALUE(MID(M9,8,2)+0), IF(MID(M9,1,3)="WR2",VALUE(MID(M9,8,2)+48),"."))) -> 100
A10: SLX.09 | B10: Guest.01 | C10: Spoken.05 | D10: X32.in.LCL.05 | E10: ="->" -> -> | F10: X32.BUS.01 | M10: X32.CH.05 | N10: =IF(MID(M10,1,3)="X32",VALUE(MID(M10,8,2)+96), IF(MID(M10,1,3)="WR1",VALUE(MID(M10,8,2)+0), IF(MID(M10,1,3)="WR2",VALUE(MID(M10,8,2)+48),"."))) -> 101
A11: SLX.15 | B11: Guest.02 | C11: Spoken.06 | D11: X32.in.LCL.06 | E11: ="->" -> -> | F11: X32.BUS.01 | M11: X32.CH.06 | N11: =IF(MID(M11,1,3)="X32",VALUE(MID(M11,8,2)+96), IF(MID(M11,1,3)="WR1",VALUE(MID(M11,8,2)+0), IF(MID(M11,1,3)="WR2",VALUE(MID(M11,8,2)+48),"."))) -> 102
A12: SLX.11 | B12: Guest.03 | C12: Annabell Violin Gst3 | D12: X32.in.LCL.07 | E12: ="->" -> -> | F12: X32.BUS.02 | M12: X32.CH.07 | N12: =IF(MID(M12,1,3)="X32",VALUE(MID(M12,8,2)+96), IF(MID(M12,1,3)="WR1",VALUE(MID(M12,8,2)+0), IF(MID(M12,1,3)="WR2",VALUE(MID(M12,8,2)+48),"."))) -> 103
D13: X32.in.LCL.08 | N13: =IF(MID(M13,1,3)="X32",VALUE(MID(M13,8,2)+96), IF(MID(M13,1,3)="WR1",VALUE(MID(M13,8,2)+0), IF(MID(M13,1,3)="WR2",VALUE(MID(M13,8,2)+48),"."))) -> .
D14: X32.in.LCL.09 | N14: =IF(MID(M14,1,3)="X32",VALUE(MID(M14,8,2)+96), IF(MID(M14,1,3)="WR1",VALUE(MID(M14,8,2)+0), IF(MID(M14,1,3)="WR2",VALUE(MID(M14,8,2)+48),"."))) -> .
A15: ULX.05 | B15: REWIRE | D15: X32.in.LCL.10 | N15: =IF(MID(M15,1,3)="X32",VALUE(MID(M15,8,2)+96), IF(MID(M15,1,3)="WR1",VALUE(MID(M15,8,2)+0), IF(MID(M15,1,3)="WR2",VALUE(MID(M15,8,2)+48),"."))) -> .
A16: SLX.12 | B16: Altar HH | C16: Altar HH | D16: X32.in.LCL.11 | M16: X32.CH.08 | N16: =IF(MID(M16,1,3)="X32",VALUE(MID(M16,8,2)+96), IF(MID(M16,1,3)="WR1",VALUE(MID(M16,8,2)+0), IF(MID(M16,1,3)="WR2",VALUE(MID(M16,8,2)+48),"."))) -> 104
A17: ULX.06 | B17: REWIRE | D17: X32.in.LCL.12 | N17: =IF(MID(M17,1,3)="X32",VALUE(MID(M17,8,2)+96), IF(MID(M17,1,3)="WR1",VALUE(MID(M17,8,2)+0), IF(MID(M17,1,3)="WR2",VALUE(MID(M17,8,2)+48),"."))) -> .
A18: SLX.16 | D18: X32.in.LCL.13 | N18: =IF(MID(M18,1,3)="X32",VALUE(MID(M18,8,2)+96), IF(MID(M18,1,3)="WR1",VALUE(MID(M18,8,2)+0), IF(MID(M18,1,3)="WR2",VALUE(MID(M18,8,2)+48),"."))) -> .
A19: SLX.18 | D19: X32.in.LCL.14 | N19: =IF(MID(M19,1,3)="X32",VALUE(MID(M19,8,2)+96), IF(MID(M19,1,3)="WR1",VALUE(MID(M19,8,2)+0), IF(MID(M19,1,3)="WR2",VALUE(MID(M19,8,2)+48),"."))) -> .
A20: HS.25 | B20: Hang.01 | C20: Organ | D20: X32.in.LCL.15 | M20: X32.CH.15 | N20: =IF(MID(M20,1,3)="X32",VALUE(MID(M20,8,2)+96), IF(MID(M20,1,3)="WR1",VALUE(MID(M20,8,2)+0), IF(MID(M20,1,3)="WR2",VALUE(MID(M20,8,2)+48),"."))) -> 111
A21: HS.29 | B21: Hang.03 | C21: Room | D21: X32.in.LCL.16 | M21: X32.CH.16 | N21: =IF(MID(M21,1,3)="X32",VALUE(MID(M21,8,2)+96), IF(MID(M21,1,3)="WR1",VALUE(MID(M21,8,2)+0), IF(MID(M21,1,3)="WR2",VALUE(MID(M21,8,2)+48),"."))) -> 112
A22: SLS.01->HS.18 | B22: SLS.01 | D22: X32.in.LCL.17 | N22: =IF(MID(M22,1,3)="X32",VALUE(MID(M22,8,2)+96), IF(MID(M22,1,3)="WR1",VALUE(MID(M22,8,2)+0), IF(MID(M22,1,3)="WR2",VALUE(MID(M22,8,2)+48),"."))) -> .
D23: X32.in.LCL.18 | N23: =IF(MID(M23,1,3)="X32",VALUE(MID(M23,8,2)+96), IF(MID(M23,1,3)="WR1",VALUE(MID(M23,8,2)+0), IF(MID(M23,1,3)="WR2",VALUE(MID(M23,8,2)+48),"."))) -> .
A24: SEN.06->SLS.02->HS.31 | B24: REWIRE | D24: X32.in.LCL.19 | N24: =IF(MID(M24,1,3)="X32",VALUE(MID(M24,8,2)+96), IF(MID(M24,1,3)="WR1",VALUE(MID(M24,8,2)+0), IF(MID(M24,1,3)="WR2",VALUE(MID(M24,8,2)+48),"."))) -> .
A25: SEN.07->SLS.03->HS.32 | B25: REWIRE | D25: X32.in.LCL.20 | N25: =IF(MID(M25,1,3)="X32",VALUE(MID(M25,8,2)+96), IF(MID(M25,1,3)="WR1",VALUE(MID(M25,8,2)+0), IF(MID(M25,1,3)="WR2",VALUE(MID(M25,8,2)+48),"."))) -> .
A26: SEN.08->SLS-04->HS.33 | B26: REWIRE | D26: X32.in.LCL.21 | N26: =IF(MID(M26,1,3)="X32",VALUE(MID(M26,8,2)+96), IF(MID(M26,1,3)="WR1",VALUE(MID(M26,8,2)+0), IF(MID(M26,1,3)="WR2",VALUE(MID(M26,8,2)+48),"."))) -> .
A27: SEN.09->SLS-05->HS.34 | B27: REWIRE | D27: X32.in.LCL.22 | N27: =IF(MID(M27,1,3)="X32",VALUE(MID(M27,8,2)+96), IF(MID(M27,1,3)="WR1",VALUE(MID(M27,8,2)+0), IF(MID(M27,1,3)="WR2",VALUE(MID(M27,8,2)+48),"."))) -> .
A28: SEN.10->SLS.06->HS.35 | B28: REWIRE | D28: X32.in.LCL.23 | N28: =IF(MID(M28,1,3)="X32",VALUE(MID(M28,8,2)+96), IF(MID(M28,1,3)="WR1",VALUE(MID(M28,8,2)+0), IF(MID(M28,1,3)="WR2",VALUE(MID(M28,8,2)+48),"."))) -> .
A29: SLS.07->HS.36 | D29: X32.in.LCL.24 | N29: =IF(MID(M29,1,3)="X32",VALUE(MID(M29,8,2)+96), IF(MID(M29,1,3)="WR1",VALUE(MID(M29,8,2)+0), IF(MID(M29,1,3)="WR2",VALUE(MID(M29,8,2)+48),"."))) -> .
A30: SLS.08->HS.09 | D30: X32.in.LCL.25 | N30: =IF(MID(M30,1,3)="X32",VALUE(MID(M30,8,2)+96), IF(MID(M30,1,3)="WR1",VALUE(MID(M30,8,2)+0), IF(MID(M30,1,3)="WR2",VALUE(MID(M30,8,2)+48),"."))) -> .
D31: X32.in.LCL.26 | N31: =IF(MID(M31,1,3)="X32",VALUE(MID(M31,8,2)+96), IF(MID(M31,1,3)="WR1",VALUE(MID(M31,8,2)+0), IF(MID(M31,1,3)="WR2",VALUE(MID(M31,8,2)+48),"."))) -> .
D32: X32.in.LCL.27 | N32: =IF(MID(M32,1,3)="X32",VALUE(MID(M32,8,2)+96), IF(MID(M32,1,3)="WR1",VALUE(MID(M32,8,2)+0), IF(MID(M32,1,3)="WR2",VALUE(MID(M32,8,2)+48),"."))) -> .
D33: X32.in.LCL.28 | N33: =IF(MID(M33,1,3)="X32",VALUE(MID(M33,8,2)+96), IF(MID(M33,1,3)="WR1",VALUE(MID(M33,8,2)+0), IF(MID(M33,1,3)="WR2",VALUE(MID(M33,8,2)+48),"."))) -> .
D34: X32.in.LCL.29 | N34: =IF(MID(M34,1,3)="X32",VALUE(MID(M34,8,2)+96), IF(MID(M34,1,3)="WR1",VALUE(MID(M34,8,2)+0), IF(MID(M34,1,3)="WR2",VALUE(MID(M34,8,2)+48),"."))) -> .
D35: X32.in.LCL.30 | N35: =IF(MID(M35,1,3)="X32",VALUE(MID(M35,8,2)+96), IF(MID(M35,1,3)="WR1",VALUE(MID(M35,8,2)+0), IF(MID(M35,1,3)="WR2",VALUE(MID(M35,8,2)+48),"."))) -> .
D36: X32.in.LCL.31 | N36: =IF(MID(M36,1,3)="X32",VALUE(MID(M36,8,2)+96), IF(MID(M36,1,3)="WR1",VALUE(MID(M36,8,2)+0), IF(MID(M36,1,3)="WR2",VALUE(MID(M36,8,2)+48),"."))) -> .
D37: X32.in.LCL.32 | N37: =IF(MID(M37,1,3)="X32",VALUE(MID(M37,8,2)+96), IF(MID(M37,1,3)="WR1",VALUE(MID(M37,8,2)+0), IF(MID(M37,1,3)="WR2",VALUE(MID(M37,8,2)+48),"."))) -> .
A38: BT-L | D38: X32.in.AUX.01 | M38: X32.CH.27 | N38: =IF(MID(M38,1,3)="X32",VALUE(MID(M38,8,2)+96), IF(MID(M38,1,3)="WR1",VALUE(MID(M38,8,2)+0), IF(MID(M38,1,3)="WR2",VALUE(MID(M38,8,2)+48),"."))) -> 123
A39: BT-R | D39: X32.in.AUX.02 | M39: X32.CH.28 | N39: =IF(MID(M39,1,3)="X32",VALUE(MID(M39,8,2)+96), IF(MID(M39,1,3)="WR1",VALUE(MID(M39,8,2)+0), IF(MID(M39,1,3)="WR2",VALUE(MID(M39,8,2)+48),"."))) -> 124
A40: CD-L | D40: X32.in.AUX.03 | M40: X32.CH.29 | N40: =IF(MID(M40,1,3)="X32",VALUE(MID(M40,8,2)+96), IF(MID(M40,1,3)="WR1",VALUE(MID(M40,8,2)+0), IF(MID(M40,1,3)="WR2",VALUE(MID(M40,8,2)+48),"."))) -> 125
A41: CD-R | D41: X32.in.AUX.04 | M41: X32.CH.30 | N41: =IF(MID(M41,1,3)="X32",VALUE(MID(M41,8,2)+96), IF(MID(M41,1,3)="WR1",VALUE(MID(M41,8,2)+0), IF(MID(M41,1,3)="WR2",VALUE(MID(M41,8,2)+48),"."))) -> 126
A42: PC-L | D42: X32.in.AUX.05 | M42: X32.CH.31 | N42: =IF(MID(M42,1,3)="X32",VALUE(MID(M42,8,2)+96), IF(MID(M42,1,3)="WR1",VALUE(MID(M42,8,2)+0), IF(MID(M42,1,3)="WR2",VALUE(MID(M42,8,2)+48),"."))) -> 127
A43: PC-R | D43: X32.in.AUX.06 | M43: X32.CH.32 | N43: =IF(MID(M43,1,3)="X32",VALUE(MID(M43,8,2)+96), IF(MID(M43,1,3)="WR1",VALUE(MID(M43,8,2)+0), IF(MID(M43,1,3)="WR2",VALUE(MID(M43,8,2)+48),"."))) -> 128
A44: usb-L | D44: X32.in.AUX.07 | N44: =IF(MID(M44,1,3)="X32",VALUE(MID(M44,8,2)+96), IF(MID(M44,1,3)="WR1",VALUE(MID(M44,8,2)+0), IF(MID(M44,1,3)="WR2",VALUE(MID(M44,8,2)+48),"."))) -> .
A45: usb-R | D45: X32.in.AUX.08 | N45: =IF(MID(M45,1,3)="X32",VALUE(MID(M45,8,2)+96), IF(MID(M45,1,3)="WR1",VALUE(MID(M45,8,2)+0), IF(MID(M45,1,3)="WR2",VALUE(MID(M45,8,2)+48),"."))) -> .
A46: SEN.11 | B46: HH (or worn) | C46: YUTE.01 KATE | D46: X32.in.DL16.1.01(A.01) | E46: ="->" -> -> | F46: X32.out.B.01 | G46: ="=" -> = | H46: ="WR1.in."&MID(F46,9,4) -> WR1.in.B.01 | M46: WR1.CH.19 | N46: =IF(MID(M46,1,3)="X32",VALUE(MID(M46,8,2)+96), IF(MID(M46,1,3)="WR1",VALUE(MID(M46,8,2)+0), IF(MID(M46,1,3)="WR2",VALUE(MID(M46,8,2)+48),"."))) -> 19
D47: X32.in.DL16.1.02(A.02) | N47: =IF(MID(M47,1,3)="X32",VALUE(MID(M47,8,2)+96), IF(MID(M47,1,3)="WR1",VALUE(MID(M47,8,2)+0), IF(MID(M47,1,3)="WR2",VALUE(MID(M47,8,2)+48),"."))) -> .
A48: DI (1 of 8) | C48: BG | D48: X32.in.DL16.1.03(A.03) | E48: ="->" -> -> | F48: X32.out.B.02 | G48: ="=" -> = | H48: ="WR1.in."&MID(F48,9,4) -> WR1.in.B.02 | I48: ="->" -> -> | J48: WR1.out.C.02 | K48: ="=" -> = | L48: ="WR2.in."&MID(J48,9,4) -> WR2.in.C.02 | M48: WR2.CH.08 | N48: =IF(MID(M48,1,3)="X32",VALUE(MID(M48,8,2)+96), IF(MID(M48,1,3)="WR1",VALUE(MID(M48,8,2)+0), IF(MID(M48,1,3)="WR2",VALUE(MID(M48,8,2)+48),"."))) -> 56
A49: SM57 (1 of 2) | C49: EG | D49: X32.in.DL16.1.04(A.04) | E49: ="->" -> -> | F49: X32.out.B.03 | G49: ="=" -> = | H49: ="WR1.in."&MID(F49,9,4) -> WR1.in.B.03 | I49: ="->" -> -> | J49: WR1.out.C.08 | K49: ="=" -> = | L49: ="WR2.in."&MID(J49,9,4) -> WR2.in.C.08 | M49: WR2.CH.07 | N49: =IF(MID(M49,1,3)="X32",VALUE(MID(M49,8,2)+96), IF(MID(M49,1,3)="WR1",VALUE(MID(M49,8,2)+0), IF(MID(M49,1,3)="WR2",VALUE(MID(M49,8,2)+48),"."))) -> 55
D50: X32.in.DL16.1.05(A.05) | N50: =IF(MID(M50,1,3)="X32",VALUE(MID(M50,8,2)+96), IF(MID(M50,1,3)="WR1",VALUE(MID(M50,8,2)+0), IF(MID(M50,1,3)="WR2",VALUE(MID(M50,8,2)+48),"."))) -> .
A51: DI (2 of 8) | C51: AG | D51: X32.in.DL16.1.06(A.06) | E51: ="->" -> -> | F51: X32.out.B.04 | G51: ="=" -> = | H51: ="WR1.in."&MID(F51,9,4) -> WR1.in.B.04 | I51: ="->" -> -> | J51: WR1.out.C.03 | K51: ="=" -> = | L51: ="WR2.in."&MID(J51,9,4) -> WR2.in.C.03 | M51: WR2.CH.06 | N51: =IF(MID(M51,1,3)="X32",VALUE(MID(M51,8,2)+96), IF(MID(M51,1,3)="WR1",VALUE(MID(M51,8,2)+0), IF(MID(M51,1,3)="WR2",VALUE(MID(M51,8,2)+48),"."))) -> 54
A52: SM-58 (1 of 7) | C52: Kick | D52: X32.in.DL16.1.07(A.07) | E52: ="->" -> -> | F52: X32.out.B.05 | G52: ="=" -> = | H52: ="WR1.in."&MID(F52,9,4) -> WR1.in.B.05 | I52: ="->" -> -> | J52: WR1.out.C.04 | K52: ="=" -> = | L52: ="WR2.in."&MID(J52,9,4) -> WR2.in.C.04 | M52: WR2.CH.02 | N52: =IF(MID(M52,1,3)="X32",VALUE(MID(M52,8,2)+96), IF(MID(M52,1,3)="WR1",VALUE(MID(M52,8,2)+0), IF(MID(M52,1,3)="WR2",VALUE(MID(M52,8,2)+48),"."))) -> 50
A53: SM57 (2 of 2) | C53: Snare | D53: X32.in.DL16.1.08(A.08) | E53: ="->" -> -> | F53: X32.out.B.06 | G53: ="=" -> = | H53: ="WR1.in."&MID(F53,9,4) -> WR1.in.B.06 | I53: ="->" -> -> | J53: WR1.out.C.05 | K53: ="=" -> = | L53: ="WR2.in."&MID(J53,9,4) -> WR2.in.C.05 | M53: WR2.CH.03 | N53: =IF(MID(M53,1,3)="X32",VALUE(MID(M53,8,2)+96), IF(MID(M53,1,3)="WR1",VALUE(MID(M53,8,2)+0), IF(MID(M53,1,3)="WR2",VALUE(MID(M53,8,2)+48),"."))) -> 51
A54: gm CAD cm217 (1 of gm4) | C54: OHL | D54: X32.in.DL16.1.09(A.09) | E54: ="->" -> -> | F54: X32.out.B.07 | G54: ="=" -> = | H54: ="WR1.in."&MID(F54,9,4) -> WR1.in.B.07 | I54: ="->" -> -> | J54: WR1.out.C.06 | K54: ="=" -> = | L54: ="WR2.in."&MID(J54,9,4) -> WR2.in.C.06 | M54: WR2.CH.04 | N54: =IF(MID(M54,1,3)="X32",VALUE(MID(M54,8,2)+96), IF(MID(M54,1,3)="WR1",VALUE(MID(M54,8,2)+0), IF(MID(M54,1,3)="WR2",VALUE(MID(M54,8,2)+48),"."))) -> 52
A55: gm CAD cm217 (2 of gm4) | C55: OHR | D55: X32.in.DL16.1.10(A.10) | E55: ="->" -> -> | F55: X32.out.B.08 | G55: ="=" -> = | H55: ="WR1.in."&MID(F55,9,4) -> WR1.in.B.08 | I55: ="->" -> -> | J55: WR1.out.C.07 | K55: ="=" -> = | L55: ="WR2.in."&MID(J55,9,4) -> WR2.in.C.07 | M55: WR2.CH.05 | N55: =IF(MID(M55,1,3)="X32",VALUE(MID(M55,8,2)+96), IF(MID(M55,1,3)="WR1",VALUE(MID(M55,8,2)+0), IF(MID(M55,1,3)="WR2",VALUE(MID(M55,8,2)+48),"."))) -> 53
A56: SEN.01 | B56: HH | C56: PT.01 KRISTY-my | D56: X32.in.DL16.1.11(A.11) | E56: ="->" -> -> | F56: X32.out.B.09 | G56: ="=" -> = | H56: ="WR1.in."&MID(F56,9,4) -> WR1.in.B.09 | M56: WR1.CH.13 | N56: =IF(MID(M56,1,3)="X32",VALUE(MID(M56,8,2)+96), IF(MID(M56,1,3)="WR1",VALUE(MID(M56,8,2)+0), IF(MID(M56,1,3)="WR2",VALUE(MID(M56,8,2)+48),"."))) -> 13
A57: SEN.02 | B57: HH | C57: PT.02 DIANNE-my | D57: X32.in.DL16.1.12(A.12) | E57: ="->" -> -> | F57: X32.out.B.10 | G57: ="=" -> = | H57: ="WR1.in."&MID(F57,9,4) -> WR1.in.B.10 | M57: WR1.CH.14 | N57: =IF(MID(M57,1,3)="X32",VALUE(MID(M57,8,2)+96), IF(MID(M57,1,3)="WR1",VALUE(MID(M57,8,2)+0), IF(MID(M57,1,3)="WR2",VALUE(MID(M57,8,2)+48),"."))) -> 14
A58: SEN.03 | B58: HH | C58: PT.03 KEITH-my | D58: X32.in.DL16.1.13(A.13) | E58: ="->" -> -> | F58: X32.out.B.11 | G58: ="=" -> = | H58: ="WR1.in."&MID(F58,9,4) -> WR1.in.B.11 | M58: WR1.CH.15 | N58: =IF(MID(M58,1,3)="X32",VALUE(MID(M58,8,2)+96), IF(MID(M58,1,3)="WR1",VALUE(MID(M58,8,2)+0), IF(MID(M58,1,3)="WR2",VALUE(MID(M58,8,2)+48),"."))) -> 15
A59: SEN.04 | B59: HH | C59: PT.04 JAX-my | D59: X32.in.DL16.1.14(A.14) | E59: ="->" -> -> | F59: X32.out.B.12 | G59: ="=" -> = | H59: ="WR1.in."&MID(F59,9,4) -> WR1.in.B.12 | M59: WR1.CH.16 | N59: =IF(MID(M59,1,3)="X32",VALUE(MID(M59,8,2)+96), IF(MID(M59,1,3)="WR1",VALUE(MID(M59,8,2)+0), IF(MID(M59,1,3)="WR2",VALUE(MID(M59,8,2)+48),"."))) -> 16
A60: SEN.05 | B60: HH | C60: PT.05 TONY | D60: X32.in.DL16.1.15(A.15) | E60: ="->" -> -> | F60: X32.out.B.13 | G60: ="=" -> = | H60: ="WR1.in."&MID(F60,9,4) -> WR1.in.B.13 | M60: WR1.CH.17 | N60: =IF(MID(M60,1,3)="X32",VALUE(MID(M60,8,2)+96), IF(MID(M60,1,3)="WR1",VALUE(MID(M60,8,2)+0), IF(MID(M60,1,3)="WR2",VALUE(MID(M60,8,2)+48),"."))) -> 17
A61: SEN.12 | B61: HH | C61: YUTE.02 RIONA | D61: X32.in.DL16.1.16(A.16) | E61: ="->" -> -> | F61: X32.out.B.14 | G61: ="=" -> = | H61: ="WR1.in."&MID(F61,9,4) -> WR1.in.B.14 | M61: WR1.CH.20 | N61: =IF(MID(M61,1,3)="X32",VALUE(MID(M61,8,2)+96), IF(MID(M61,1,3)="WR1",VALUE(MID(M61,8,2)+0), IF(MID(M61,1,3)="WR2",VALUE(MID(M61,8,2)+48),"."))) -> 20
A62: B-5(1 of 9) | B62: Floor House Left | C62: Choir.01 PK.01 | D62: X32.in.DL16.2.01(A.17) | E62: ="->" -> -> | F62: X32.out.B.15 | G62: ="=" -> = | H62: ="WR1.in."&MID(F62,9,4) -> WR1.in.B.15 | M62: WR1.CH.05 28 | N62: =IF(MID(M62,1,3)="X32",VALUE(MID(M62,8,2)+96), IF(MID(M62,1,3)="WR1",VALUE(MID(M62,8,2)+0), IF(MID(M62,1,3)="WR2",VALUE(MID(M62,8,2)+48),"."))) -> 5
A63: B-5(2 of 9) | B63: Floor | C63: Choir.02 PK.02 | D63: X32.in.DL16.2.02(A.18) | E63: ="->" -> -> | F63: X32.out.B.16 | G63: ="=" -> = | H63: ="WR1.in."&MID(F63,9,4) -> WR1.in.B.16 | M63: WR1.CH.06 29 | N63: =IF(MID(M63,1,3)="X32",VALUE(MID(M63,8,2)+96), IF(MID(M63,1,3)="WR1",VALUE(MID(M63,8,2)+0), IF(MID(M63,1,3)="WR2",VALUE(MID(M63,8,2)+48),"."))) -> 6
A64: B-5(3 of 9) | B64: Floor | C64: Choir.03 PK.03 | D64: X32.in.DL16.2.03(A.19) | E64: ="->" -> -> | F64: X32.out.B.17 | G64: ="=" -> = | H64: ="WR1.in."&MID(F64,9,4) -> WR1.in.B.17 | M64: WR1.CH.07 30 | N64: =IF(MID(M64,1,3)="X32",VALUE(MID(M64,8,2)+96), IF(MID(M64,1,3)="WR1",VALUE(MID(M64,8,2)+0), IF(MID(M64,1,3)="WR2",VALUE(MID(M64,8,2)+48),"."))) -> 7
A65: B-5(4 of 9) | B65: Floor House Right | C65: Choir.04 PK.04 | D65: X32.in.DL16.2.04(A.20) | E65: ="->" -> -> | F65: X32.out.B.18 | G65: ="=" -> = | H65: ="WR1.in."&MID(F65,9,4) -> WR1.in.B.18 | M65: WR1.CH.08 31 | N65: =IF(MID(M65,1,3)="X32",VALUE(MID(M65,8,2)+96), IF(MID(M65,1,3)="WR1",VALUE(MID(M65,8,2)+0), IF(MID(M65,1,3)="WR2",VALUE(MID(M65,8,2)+48),"."))) -> 8
A66: B-5(5 of 9) | B66: Riser House Left | C66: Choir.05 PK.05 | D66: X32.in.DL16.2.05(A.21) | E66: ="->" -> -> | F66: X32.out.B.19 | G66: ="=" -> = | H66: ="WR1.in."&MID(F66,9,4) -> WR1.in.B.19 | M66: WR1.CH.09 32 | N66: =IF(MID(M66,1,3)="X32",VALUE(MID(M66,8,2)+96), IF(MID(M66,1,3)="WR1",VALUE(MID(M66,8,2)+0), IF(MID(M66,1,3)="WR2",VALUE(MID(M66,8,2)+48),"."))) -> 9
A67: B-5(6 of 9) | B67: Riser | C67: Choir.06 PK.06 | D67: X32.in.DL16.2.06(A.22) | E67: ="->" -> -> | F67: X32.out.B.20 | G67: ="=" -> = | H67: ="WR1.in."&MID(F67,9,4) -> WR1.in.B.20 | M67: WR1.CH.10 33 | N67: =IF(MID(M67,1,3)="X32",VALUE(MID(M67,8,2)+96), IF(MID(M67,1,3)="WR1",VALUE(MID(M67,8,2)+0), IF(MID(M67,1,3)="WR2",VALUE(MID(M67,8,2)+48),"."))) -> 10
... A69: B-5(8 of 9)) | B69: Riser House Right | C69: Choir.08 PK.08 | D69: X32.in.DL16.2.08(A.24) | E69: ="->" -> -> | F69: X32.out.B.22 | G69: ="=" -> = | H69: ="WR1.in."&MID(F69,9,4) -> WR1.in.B.22 | M69: WR1.CH.12 35 | N69: =IF(MID(M69,1,3)="X32",VALUE(MID(M69,8,2)+96), IF(MID(M69,1,3)="WR1",VALUE(MID(M69,8,2)+0), IF(MID(M69,1,3)="WR2",VALUE(MID(M69,8,2)+48),"."))) -> 12
A70: DI (3 of 8) | C70: Piano.01 | D70: X32.in.DL16.2.09(A.25) | E70: ="->" -> -> | F70: X32.out.B.23 | G70: ="=" -> = | H70: ="WR1.in."&MID(F70,9,4) -> WR1.in.B.23 | I70: ="->" -> -> | J70: WR1.out.C.01 | K70: ="=" -> = | L70: ="WR2.in."&MID(J70,9,4) -> WR2.in.C.01 | M70: WR2.CH.01 | N70: =IF(MID(M70,1,3)="X32",VALUE(MID(M70,8,2)+96), IF(MID(M70,1,3)="WR1",VALUE(MID(M70,8,2)+0), IF(MID(M70,1,3)="WR2",VALUE(MID(M70,8,2)+48),"."))) -> 49
D71: X32.in.DL16.2.10(A.26) | N71: =IF(MID(M71,1,3)="X32",VALUE(MID(M71,8,2)+96), IF(MID(M71,1,3)="WR1",VALUE(MID(M71,8,2)+0), IF(MID(M71,1,3)="WR2",VALUE(MID(M71,8,2)+48),"."))) -> .
D72: X32.in.DL16.2.11(A.27) | N72: =IF(MID(M72,1,3)="X32",VALUE(MID(M72,8,2)+96), IF(MID(M72,1,3)="WR1",VALUE(MID(M72,8,2)+0), IF(MID(M72,1,3)="WR2",VALUE(MID(M72,8,2)+48),"."))) -> .
D73: X32.in.DL16.2.12(A.28) | N73: =IF(MID(M73,1,3)="X32",VALUE(MID(M73,8,2)+96), IF(MID(M73,1,3)="WR1",VALUE(MID(M73,8,2)+0), IF(MID(M73,1,3)="WR2",VALUE(MID(M73,8,2)+48),"."))) -> .
D74: X32.in.DL16.2.13(A.29) | N74: =IF(MID(M74,1,3)="X32",VALUE(MID(M74,8,2)+96), IF(MID(M74,1,3)="WR1",VALUE(MID(M74,8,2)+0), IF(MID(M74,1,3)="WR2",VALUE(MID(M74,8,2)+48),"."))) -> .
D75: X32.in.DL16.2.14(A.30) | N75: =IF(MID(M75,1,3)="X32",VALUE(MID(M75,8,2)+96), IF(MID(M75,1,3)="WR1",VALUE(MID(M75,8,2)+0), IF(MID(M75,1,3)="WR2",VALUE(MID(M75,8,2)+48),"."))) -> .
D76: X32.in.DL16.2.15(A.31) | N76: =IF(MID(M76,1,3)="X32",VALUE(MID(M76,8,2)+96), IF(MID(M76,1,3)="WR1",VALUE(MID(M76,8,2)+0), IF(MID(M76,1,3)="WR2",VALUE(MID(M76,8,2)+48),"."))) -> .
A77: SM58 (2 of 7) | B77: Piano Singer | C77: Sing at Piano.01 Sing at Piano.02 Sing at Piano.03 | D77: X32.in.DL16.2.16(A.32) | E77: ="->" -> -> | F77: X32.out.B.24 | G77: ="=" -> = | H77: ="WR1.in."&MID(F77,9,4) -> WR1.in.B.24 | M77: WR1.CH.18 36 37 | N77: =IF(MID(M77,1,3)="X32",VALUE(MID(M77,8,2)+96), IF(MID(M77,1,3)="WR1",VALUE(MID(M77,8,2)+0), IF(MID(M77,1,3)="WR2",VALUE(MID(M77,8,2)+48),"."))) -> 18
D78: X32.in.DL16.3.01(A.33) | N78: =IF(MID(M78,1,3)="X32",VALUE(MID(M78,8,2)+96), IF(MID(M78,1,3)="WR1",VALUE(MID(M78,8,2)+0), IF(MID(M78,1,3)="WR2",VALUE(MID(M78,8,2)+48),"."))) -> .
D79: X32.in.DL16.3.02(A.34) | N79: =IF(MID(M79,1,3)="X32",VALUE(MID(M79,8,2)+96), IF(MID(M79,1,3)="WR1",VALUE(MID(M79,8,2)+0), IF(MID(M79,1,3)="WR2",VALUE(MID(M79,8,2)+48),"."))) -> .
D80: X32.in.DL16.3.03(A.35) | N80: =IF(MID(M80,1,3)="X32",VALUE(MID(M80,8,2)+96), IF(MID(M80,1,3)="WR1",VALUE(MID(M80,8,2)+0), IF(MID(M80,1,3)="WR2",VALUE(MID(M80,8,2)+48),"."))) -> .
D81: X32.in.DL16.3.04(A.36) | N81: =IF(MID(M81,1,3)="X32",VALUE(MID(M81,8,2)+96), IF(MID(M81,1,3)="WR1",VALUE(MID(M81,8,2)+0), IF(MID(M81,1,3)="WR2",VALUE(MID(M81,8,2)+48),"."))) -> .
D82: X32.in.DL16.3.05(A.37) | N82: =IF(MID(M82,1,3)="X32",VALUE(MID(M82,8,2)+96), IF(MID(M82,1,3)="WR1",VALUE(MID(M82,8,2)+0), IF(MID(M82,1,3)="WR2",VALUE(MID(M82,8,2)+48),"."))) -> .
D83: X32.in.DL16.3.06(A.38) | N83: =IF(MID(M83,1,3)="X32",VALUE(MID(M83,8,2)+96), IF(MID(M83,1,3)="WR1",VALUE(MID(M83,8,2)+0), IF(MID(M83,1,3)="WR2",VALUE(MID(M83,8,2)+48),"."))) -> .
D84: X32.in.DL16.3.07(A.39) | N84: =IF(MID(M84,1,3)="X32",VALUE(MID(M84,8,2)+96), IF(MID(M84,1,3)="WR1",VALUE(MID(M84,8,2)+0), IF(MID(M84,1,3)="WR2",VALUE(MID(M84,8,2)+48),"."))) -> .
D85: X32.in.DL16.3.08(A.40) | N85: =IF(MID(M85,1,3)="X32",VALUE(MID(M85,8,2)+96), IF(MID(M85,1,3)="WR1",VALUE(MID(M85,8,2)+0), IF(MID(M85,1,3)="WR2",VALUE(MID(M85,8,2)+48),"."))) -> .
D86: X32.in.DL16.3.09(A.41) | N86: =IF(MID(M86,1,3)="X32",VALUE(MID(M86,8,2)+96), IF(MID(M86,1,3)="WR1",VALUE(MID(M86,8,2)+0), IF(MID(M86,1,3)="WR2",VALUE(MID(M86,8,2)+48),"."))) -> .
D87: X32.in.DL16.3.10(A.42) | N87: =IF(MID(M87,1,3)="X32",VALUE(MID(M87,8,2)+96), IF(MID(M87,1,3)="WR1",VALUE(MID(M87,8,2)+0), IF(MID(M87,1,3)="WR2",VALUE(MID(M87,8,2)+48),"."))) -> .
D88: X32.in.DL16.3.11(A.43) | N88: =IF(MID(M88,1,3)="X32",VALUE(MID(M88,8,2)+96), IF(MID(M88,1,3)="WR1",VALUE(MID(M88,8,2)+0), IF(MID(M88,1,3)="WR2",VALUE(MID(M88,8,2)+48),"."))) -> .
D89: X32.in.DL16.3.12(A.44) | N89: =IF(MID(M89,1,3)="X32",VALUE(MID(M89,8,2)+96), IF(MID(M89,1,3)="WR1",VALUE(MID(M89,8,2)+0), IF(MID(M89,1,3)="WR2",VALUE(MID(M89,8,2)+48),"."))) -> .
... D93: X32.in.DL16.3.16(A.48) | N93: =IF(MID(M93,1,3)="X32",VALUE(MID(M93,8,2)+96), IF(MID(M93,1,3)="WR1",VALUE(MID(M93,8,2)+0), IF(MID(M93,1,3)="WR2",VALUE(MID(M93,8,2)+48),"."))) -> .
A94: SEN.06->SLS.02->HS.31 | B94: REWIRE | C94: Skit.01 JOCELYN | D94: WR1.in.LCL.01 | M94: WR1.CH.23 | N94: =IF(MID(M94,1,3)="X32",VALUE(MID(M94,8,2)+96), IF(MID(M94,1,3)="WR1",VALUE(MID(M94,8,2)+0), IF(MID(M94,1,3)="WR2",VALUE(MID(M94,8,2)+48),"."))) -> 23
A95: SEN.07->SLS.03->HS.32 | B95: REWIRE | C95: Skit.02 AMELIA | D95: WR1.in.LCL.02 | M95: WR1.CH.24 | N95: =IF(MID(M95,1,3)="X32",VALUE(MID(M95,8,2)+96), IF(MID(M95,1,3)="WR1",VALUE(MID(M95,8,2)+0), IF(MID(M95,1,3)="WR2",VALUE(MID(M95,8,2)+48),"."))) -> 24
A96: SEN.08->SLS-04->HS.33 | B96: REWIRE | C96: Skit.03 LOTTIE | D96: WR1.in.LCL.03 | M96: WR1.CH.25 | N96: =IF(MID(M96,1,3)="X32",VALUE(MID(M96,8,2)+96), IF(MID(M96,1,3)="WR1",VALUE(MID(M96,8,2)+0), IF(MID(M96,1,3)="WR2",VALUE(MID(M96,8,2)+48),"."))) -> 25
A97: SEN.09->SLS-05->HS.34 | B97: REWIRE | C97: Skit.04 CARSON | D97: WR1.in.LCL.04 | M97: WR1.CH.26 | N97: =IF(MID(M97,1,3)="X32",VALUE(MID(M97,8,2)+96), IF(MID(M97,1,3)="WR1",VALUE(MID(M97,8,2)+0), IF(MID(M97,1,3)="WR2",VALUE(MID(M97,8,2)+48),"."))) -> 26
A98: SEN.10->SLS.06->HS.35 | B98: REWIRE | C98: Skit.05 avail | D98: WR1.in.LCL.05 | M98: WR1.CH.27 | N98: =IF(MID(M98,1,3)="X32",VALUE(MID(M98,8,2)+96), IF(MID(M98,1,3)="WR1",VALUE(MID(M98,8,2)+0), IF(MID(M98,1,3)="WR2",VALUE(MID(M98,8,2)+48),"."))) -> 27
A99: ULX.05 | B99: REWIRE | C99: Yute.03 MADDIE | D99: WR1.in.LCL.06 | M99: WR1.CH.21 | N99: =IF(MID(M99,1,3)="X32",VALUE(MID(M99,8,2)+96), IF(MID(M99,1,3)="WR1",VALUE(MID(M99,8,2)+0), IF(MID(M99,1,3)="WR2",VALUE(MID(M99,8,2)+48),"."))) -> 21
A100: ULX.06 | B100: REWIRE | C100: Yute.04 CHLOE | D100: WR1.in.LCL.07 | M100: WR1.CH.22 | N100: =IF(MID(M100,1,3)="X32",VALUE(MID(M100,8,2)+96), IF(MID(M100,1,3)="WR1",VALUE(MID(M100,8,2)+0), IF(MID(M100,1,3)="WR2",VALUE(MID(M100,8,2)+48),"."))) -> 22
D101: WR1.in.LCL.08 | N101: =IF(MID(M101,1,3)="X32",VALUE(MID(M101,8,2)+96), IF(MID(M101,1,3)="WR1",VALUE(MID(M101,8,2)+0), IF(MID(M101,1,3)="WR2",VALUE(MID(M101,8,2)+48),"."))) -> .
D102: WR1.in.LCL.09 | N102: =IF(MID(M102,1,3)="X32",VALUE(MID(M102,8,2)+96), IF(MID(M102,1,3)="WR1",VALUE(MID(M102,8,2)+0), IF(MID(M102,1,3)="WR2",VALUE(MID(M102,8,2)+48),"."))) -> .
D103: WR1.in.LCL.10 | N103: =IF(MID(M103,1,3)="X32",VALUE(MID(M103,8,2)+96), IF(MID(M103,1,3)="WR1",VALUE(MID(M103,8,2)+0), IF(MID(M103,1,3)="WR2",VALUE(MID(M103,8,2)+48),"."))) -> .
D104: WR1.in.LCL.11 | N104: =IF(MID(M104,1,3)="X32",VALUE(MID(M104,8,2)+96), IF(MID(M104,1,3)="WR1",VALUE(MID(M104,8,2)+0), IF(MID(M104,1,3)="WR2",VALUE(MID(M104,8,2)+48),"."))) -> .
...

Sheet REFS
A1: notes | B1: NAME | C1: Device | D1: Cable | E1: patch | F1: CMX32 PATH IN | G1: CMX-W1 B | H1: WING1 PATH | I1: WING2 Path
D2: hs.01 | E2: srs.01
D3: hs.02 | E3: bad?
D4: hs.03 | E4: bad?
D5: hs.04 | E5: srs.02
D6: hs.05 | E6: srs.03
D7: hs.06 | E7: srs.04
D8: hs.07 | E8: srs.05
D9: hs.08 | E9: srs.06
D10: hs.09 | E10: sls.08 | F10: cmx.L.in.25
D11: hs.10 | E11: bad?
A12: reconnect from cmx.L.in.26 to wing2 | B12: Timpani1 | D12: hs.11 | E12: sls.09 | F12: w2.L.in.01
A13: reconnect from cmx.L.in.27 to wing 2 | B13: Timpani2 | D13: hs.12 | E13: sls.10 | F13: w2.L.in.02
A14: reconnect from cmx.L.in.28 to wing 2 | B14: Timpani3 | D14: hs.13 | E14: sls.11 | F14: w2.L.in.03
A15: reconnect from cmx.L.in.29 to wing 2 | B15: Timpani4 | D15: hs.14 | E15: sls.12 | F15: w2.L.in.04
C16: bad | D16: hs.15 | E16: sls.15
D17: hs.16 | E17: sls.13 | F17: cmx.L.in.30
D18: hs.17 | E18: sls.14 | F18: cmx.L.in.31
B19: SEN.hh.11 | C19: SEN.11 | D19: hs.18 | E19: sls.01 | F19: cmx.L.in.17
D20: hs.19 | E20: srs.07
D21: hs.20 | E21: srs.08
D22: hs.21 | E22: srs.09
D23: hs.22 | E23: srs.10
D24: hs.23 | E24: srs.11
D25: hs.24 | E25: srs.12
B26: Organ | C26: hangmic.01 | D26: hs.25 | E26: hang.01 | F26: cmx.L.in.15
D27: hs.26 | E27: srs.13
D28: hs.27 | E28: srs.14
D29: hs.28 | E29: srs.15
B30: Room | C30: hangmic.03 | D30: hs.29 | E30: hang.03 | F30: cmx.L.in.16
D31: hs.30 | E31: sls.15 | F31: cmx.L.in.32
B32: SEN.hh.12 | C32: SEN.12 | D32: hs.31 | E32: sls.02 | F32: cmx.L.in.19
A33: wire up | B33: SEN.06 | C33: SEN.06 | D33: hs.32 | E33: sls.03 | F33: cmx.L.in.20
A34: wire up | B34: SEN.07 | C34: SEN.07 | D34: hs.33 | E34: sls.04 | F34: cmx.L.in.21
A35: wire up | B35: SEN.08 | C35: SEN.08 | D35: hs.34 | E35: sls.05 | F35: cmx.L.in.22
A36: wire up | B36: SEN.09 | C36: SEN.09 | D36: hs.35 | E36: sls.06 | F36: cmx.L.in.23
A37: wire up | B37: SEN.10 | C37: SEN.10 | D37: hs.36 | E37: sls.07 | F37: cmx.L.in.24
B38: Pr Jeff | C38: SLX.14 | D38: dir.slx.14 | F38: cmx.L.in.01
B39: Vicar | C39: SLX.07 | D39: dir.slx.07 | F39: cmx.L.in.02
B40: Pr Paul | C40: SLX.08 | D40: dir.slx.08 | F40: cmx.L.in.03
B41: Kenzie | C41: SLX.10 | D41: dir.slx.10 | F41: cmx.L.in.04
B42: GST 1 | C42: SLX.09 | D42: dir.slx.09 | F42: cmx.L.in.05
B43: GST 2 | C43: SLX.15 | D43: dir.slx.15 | F43: cmx.L.in.06
B44: GST 3 | C44: SLX.07 | D44: dir.slx.11 | F44: cmx.L.in.07
F45: cmx.L.in.08
F46: cmx.L.in.09
C47: ULX.05 | D47: dir.ulx.05 | F47: cmx.L.in.10
B48: Altar HH | C48: SLX.12 | D48: dir.slx.12 | F48: cmx.L.in.11
C49: ULX.06 | D49: dir.ulx.06 | F49: cmx.L.in.12
C50: SLX.16 | D50: dir.slx.16 | F50: cmx.L.in.13
C51: SLX.18 | D51: dir.slx.18 | F51: cmx.L.in.14
F52: cmx.L.in.18
D53: cmx.aes50.A.01 | F53: cm.DL16.1.01
D54: cmx.aes50.A.02 | F54: cm.DL16.1.02
B55: BG | C55: cm.DI-1 | D55: cmx.aes50.A.03 | F55: cm.DL16.1.03
B56: EG | C56: cm.SM57-1 | D56: cmx.aes50.A.04 | F56: cm.DL16.1.04
D57: cmx.aes50.A.05 | F57: cm.DL16.1.05
B58: AG | C58: cm.DI-2 | D58: cmx.aes50.A.06 | F58: cm.DL16.1.06
B59: Kick | C59: cm.SM58-1 | D59: cmx.aes50.A.07 | F59: cm.DL16.1.07
B60: Snare | C60: cm.SM57-2 | D60: cmx.aes50.A.08 | F60: cm.DL16.1.08
B61: OHL | C61: gm.CAD217-1 | D61: cmx.aes50.A.09 | F61: cm.DL16.1.09
B62: OHR | C62: gm.CAD217-2 | D62: cmx.aes50.A.10 | F62: cm.DL16.1.10
A63: rewire | B63: SEN.hh.01 | C63: SEN.01 | D63: cmx.aes50.A.11 | F63: cm.DL16.1.11
A64: rewire | B64: SEN.hh.02 | C64: SEN.02 | D64: cmx.aes50.A.12 | F64: cm.DL16.1.12
A65: rewire | B65: SEN.hh.03 | C65: SEN.03 | D65: cmx.aes50.A.13 | F65: cm.DL16.1.13
A66: rewire | B66: SEN.hh.04 | C66: SEN.04 | D66: cmx.aes50.A.14 | F66: cm.DL16.1.14
A67: rewire | B67: SEN.hh.05 | C67: SEN.05 | D67: cmx.aes50.A.15 | F67: cm.DL16.1.15
D68: cmx.aes50.A.16 | F68: cm.DL16.1.16
B69: Choir.01 | C69: cm.B5-1 | D69: cmx.aes50.A.17 | F69: cm.DL16.2.01
B70: Choir.02 | C70: cm.B5-2 | D70: cmx.aes50.A.18 | F70: cm.DL16.2.02
B71: Choir.03 | C71: cm.B5-3 | D71: cmx.aes50.A.19 | F71: cm.DL16.2.03
B72: Choir.04 | C72: cm.B5-4 | D72: cmx.aes50.A.20 | F72: cm.DL16.2.04
B73: Choir.05 | C73: cm.B5-5 | D73: cmx.aes50.A.21 | F73: cm.DL16.2.05
B74: Choir.06 | C74: cm.B5-6 | D74: cmx.aes50.A.22 | F74: cm.DL16.2.06
B75: Choir.07 | C75: cm.B5-7 | D75: cmx.aes50.A.23 | F75: cm.DL16.2.07
B76: Choir.08 | C76: cm.B5-8 | D76: cmx.aes50.A.24 | F76: cm.DL16.2.08
B77: Piano | C77: cm.DI-3 | D77: cmx.aes50.A.25 | F77: cm.DL16.2.09
B78: Clarinet | D78: cmx.aes50.A.26 | F78: cm.DL16.2.10
B79: Oboe | D79: cmx.aes50.A.27 | F79: cm.DL16.2.11
B80: Flute | D80: cmx.aes50.A.28 | F80: cm.DL16.2.12
B81: Violin1 | D81: cmx.aes50.A.29 | F81: cm.DL16.2.13
B82: Violin2 | D82: cmx.aes50.A.30 | F82: cm.DL16.2.14
B83: Viola | D83: cmx.aes50.A.31 | F83: cm.DL16.2.15
A84: unwire piano vocal mic | B84: Cello1 | D84: cmx.aes50.A.32 | F84: cm.DL16.2.16
B85: Cello2 | D85: cmx.aes50.A.33 | F85: cm.DL16.3.01
B86: Horn1 | D86: cmx.aes50.A.34 | F86: cm.DL16.3.02
B87: Horn2 | D87: cmx.aes50.A.35 | F87: cm.DL16.3.03
B88: Bone1 | D88: cmx.aes50.A.36 | F88: cm.DL16.3.04
B89: Bone2 | D89: cmx.aes50.A.37 | F89: cm.DL16.3.05
B90: Trumpet1 | D90: cmx.aes50.A.38 | F90: cm.DL16.3.06
B91: Trumpet2 | D91: cmx.aes50.A.39 | F91: cm.DL16.3.07
D92: cmx.aes50.A.40 | F92: cm.DL16.3.08
D93: cmx.aes50.A.41 | F93: cm.DL16.3.09
D94: cmx.aes50.A.42 | F94: cm.DL16.3.10
D95: cmx.aes50.A.43 | F95: cm.DL16.3.11
D96: cmx.aes50.A.44 | F96: cm.DL16.3.12
D97: cmx.aes50.A.45 | F97: cm.DL16.3.13
D98: cmx.aes50.A.46 | F98: cm.DL16.3.14
D99: cmx.aes50.A.47 | F99: cm.DL16.3.15
D100: cmx.aes50.A.48 | F100: cm.DL16.3.16
...

Sheet Sheet1
A1: ITEM 20260226a | B1: Input for Source | C1: Exposed on or out from CM X32 | F1: Into WING Rack 1 | G1: Exposed on or Out from Wing Rack 1 | H1: Into Wing Rack 2 | I1: Exposed on | J1: Out to Reaper from | K1: to Reaper Device | L1: VB In | M1: Reaper Input Number
A2: PIANO | B2: CMX32.DL16.1.01-A.01 | C2: CMX32.usrout.01 | E2: CMX32.B.01 | F2: LJWINGR.B.01 | G2: LJWINGR.C.07 | H2: LJX32R.A.07 | I2: LJX32R.CH.01 | J2: LJX32R.B.01 | K2: KT9630 | L2: VB.KT.01 | M2: RPR.49
A3: Annabelle Violin/MG eBG | B3: CMX32.DL16.1.03-A.03 | C3: CMX32.usrout.02 | E3: CMX32.B.02 | F3: LJWINGR.B.02 | G3: LJWINGR.C.08 | H3: LJX32R.A.08 | I3: LJX32R.CH.02 | J3: LJX32R.B.02 | K3: KT9630 | L3: VB.KT.02 | M3: RPR.50
A4: Maddie Flute/MG EG | B4: CMX32.DL16.1.04-A.04 | C4: CMX32.usrout.03 | E4: CMX32.B.03 | F4: LJWINGR.B.03 | G4: LJWINGR.C.09 | H4: LJX32R.A.09 | I4: LJX32R.CH.03 | J4: LJX32R.B.03 | K4: KT9630 | L4: VB.KT.03 | M4: RPR.51
A5: MG AG | B5: CMX32.DL16.1.06-A.06 | C5: CMX32.usrout.04 | E5: CMX32.B.04 | F5: LJWINGR.B.04 | G5: LJWINGR.C.10 | H5: LJX32R.A.10 | I5: LJX32R.CH.04 | J5: LJX32R.B.04 | K5: KT9630 | L5: VB.KT.04 | M5: RPR.52
A6: MG KICK | B6: CMX32.DL16.1.07-A.07 | C6: CMX32.usrout.05 | E6: CMX32.B.05 | F6: LJWINGR.B.05 | G6: LJWINGR.C.11 | H6: LJX32R.A.11 | I6: LJX32R.CH.05 | J6: LJX32R.B.05 | K6: KT9630 | L6: VB.KT.05 | M6: RPR.53
A7: MG SNARE | B7: CMX32.DL16.1.08-A.08 | C7: CMX32.usrout.06 | E7: CMX32.B.06 | F7: LJWINGR.B.06 | G7: LJWINGR.C.12 | H7: LJX32R.A.12 | I7: LJX32R.CH.06 | J7: LJX32R.B.06 | K7: KT9630 | L7: VB.KT.06 | M7: RPR.54
A8: MG OHL | B8: CMX32.DL16.1.09-A.09 | C8: CMX32.usrout.07 | E8: CMX32.B.07 | F8: LJWINGR.B.07 | G8: LJWINGR.C.13 | H8: LJX32R.A.13 | I8: LJX32R.CH.07 | J8: LJX32R.B.07 | K8: KT9630 | L8: VB.KT.07 | M8: RPR.55
A9: MG OHR | B9: CMX32.DL16.1.10-A.10 | C9: CMX32.usrout.08 | E9: CMX32.B.08 | F9: LJWINGR.B.08 | G9: LJWINGR.C.14 | H9: LJX32R.A.14 | I9: LJX32R.CH.08 | J9: LJX32R.B.08 | K9: KT9630 | L9: VB.KT.08 | M9: RPR.56
A10: percussion 1/MG PAD | B10: CMX32.DL16.2.11-A.27 | C10: CMX32.usrout.09 | E10: CMX32.B.09 | F10: LJWINGR.B.09 | G10: LJWINGR.C.15 | H10: LJX32R.A.15 | I10: LJX32R.CH.12 | J10: LJX32R.B.12 | K10: KT9630 | L10: VB.KT.12 | M10: RPR.57
A11: bone 1 | B11: CMX32.DL16.2.13-A.29 | C11: CMX32.usrout.10 | E11: CMX32.B.10 | F11: LJWINGR.B.10 | G11: LJWINGR.C.16 | H11: LJX32R.A.16 | I11: LJX32R.CH.14 | J11: LJX32R.B.14 | K11: KT9630 | L11: VB.KT.14 | M11: RPR.58
A12: bone 2 | B12: CMX32.DL16.2.14-A.30 | C12: CMX32.usrout.11 | E12: CMX32.B.11 | F12: LJWINGR.B.11 | G12: LJWINGR.C.17 | H12: LJX32R.A.17 | I12: LJX32R.CH.15 | J12: LJX32R.B.15 | K12: KT9630 | L12: VB.KT.15 | M12: RPR.59
A13: tuba | B13: CMX32.DL16.2.15-A.31 | C13: CMX32.usrout.12 | E13: CMX32.B.12 | F13: LJWINGR.B.12 | G13: LJWINGR.C.18 | H13: LJX32R.A.18 | I13: LJX32R.CH.16 | J13: LJX32R.B.16 | K13: KT9630 | L13: VB.KT.16 | M13: RPR.60
... A26: violin 2 | B26: CMX32.DL16.3.15-A.47 | C26: CMX32.usrout.24 | E26: CMX32.B.24 | F26: LJWINGR.B.24 | G26: LJWINGR.C.30 | H26: LJX32R.A.30 | I26: LJX32R.CH.29 | J26: LJX32R.B.29 | K26: KT9630 | L26: VB.KT.29 | M26: RPR.73
A27: standing bass sls.13(16) | H27: LJX32R.LCL.01 | I27: LJX32R.CH.30 | J27: LJX32R.B.30 | K27: KT9630 | L27: VB.KT.30 | M27: RPR.74
A28: cello | B28: CMX32.DL16.3.01-A.33 | C28: CMX32.usrout.47 | E28: CMX32.B.47 | F28: LJWINGR.B.47 | G28: LJWINGR.C.32 | H28: LJX32R.A.32 | I28: LJX32R.CH.31 | J28: LJX32R.B.31 | K28: KT9630 | L28: VB.KT.31 | M28: RPR.75
A29: gregg tracks | B29: CMX32.DL16.3.16-A.48 | C29: CMX32.usrout.25 | E29: CMX32.B.25 | F29: LJWINGR.B.25 | G29: LJWINGR.C.31 | H29: LJX32R.A.31 | I29: LJX32R.CH.32 | J29: LJX32R.B.32 | K29: KT9630 | L29: VB.KT.32 | M29: RPR.76
A30: timpani 1 | B30: CMX32.DL16.1.02-A.02 | C30: CMX32.usrout.26 | E30: CMX32.B.26 | F30: LJWINGR.B.26 | G30: LJWINGR.CH.33 | J30: LJWINGR.USB.33 | K30: wUSB | L30: VB.USB.33 | M30: RPR.33
A31: timpani 2 | B31: CMX32.DL16.1.05-A.05 | C31: CMX32.usrout.27 | E31: CMX32.B.27 | F31: LJWINGR.B.27 | G31: LJWINGR.CH.34 | J31: LJWINGR.USB.34 | K31: wUSB | L31: VB.USB.34 | M31: RPR.34
A32: timpani 3/MG TOM 1 | B32: CMX32.DL16.2.09-A.25 | C32: CMX32.usrout.28 | E32: CMX32.B.28 | F32: LJWINGR.B.28 | G32: LJWINGR.CH.35 | J32: LJWINGR.USB.35 | K32: wUSB | L32: VB.USB.35 | M32: RPR.35
A33: timpani 4/MG TOM 2 | B33: CMX32.DL16.2.10-A.26 | C33: CMX32.usrout.29 | E33: CMX32.B.29 | F33: LJWINGR.B.29 | G33: LJWINGR.CH.36 | J33: LJWINGR.USB.36 | K33: wUSB | L33: VB.USB.36 | M33: RPR.36
A34: Choir 1 | B34: CMX32.DL16.2.01-A.17 | C34: CMX32.usrout.30 | E34: CMX32.B.30 | F34: LJWINGR.B.30 | G34: LJWINGR.CH.01 | J34: LJWINGR.USB.01 | K34: wUSB | L34: VB.USB.01 | M34: RPR.01
A35: Choir 2 | B35: CMX32.DL16.2.02-A.18 | C35: CMX32.usrout.31 | E35: CMX32.B.31 | F35: LJWINGR.B.31 | G35: LJWINGR.CH.02 | J35: LJWINGR.USB.02 | K35: wUSB | L35: VB.USB.02 | M35: RPR.02
A36: Choir 3 | B36: CMX32.DL16.2.03-A.19 | C36: CMX32.usrout.32 | E36: CMX32.B.32 | F36: LJWINGR.B.32 | G36: LJWINGR.CH.03 | J36: LJWINGR.USB.03 | K36: wUSB | L36: VB.USB.03 | M36: RPR.03
A37: Choir 4 | B37: CMX32.DL16.2.04-A.20 | C37: CMX32.usrout.33 | E37: CMX32.B.33 | F37: LJWINGR.B.33 | G37: LJWINGR.CH.04 | J37: LJWINGR.USB.04 | K37: wUSB | L37: VB.USB.04 | M37: RPR.04
A38: Choir 5 | B38: CMX32.DL16.2.05-A.21 | C38: CMX32.usrout.34 | E38: CMX32.B.34 | F38: LJWINGR.B.34 | G38: LJWINGR.CH.05 | J38: LJWINGR.USB.05 | K38: wUSB | L38: VB.USB.05 | M38: RPR.05
A39: Choir 6 | B39: CMX32.DL16.2.06-A.22 | C39: CMX32.usrout.35 | E39: CMX32.B.35 | F39: LJWINGR.B.35 | G39: LJWINGR.CH.06 | J39: LJWINGR.USB.06 | K39: wUSB | L39: VB.USB.06 | M39: RPR.06
A40: Choir 7 | B40: CMX32.DL16.2.07-A.23 | C40: CMX32.usrout.36 | E40: CMX32.B.36 | F40: LJWINGR.B.36 | G40: LJWINGR.CH.07 | J40: LJWINGR.USB.07 | K40: wUSB | L40: VB.USB.07 | M40: RPR.07
A41: Choir 8 | B41: CMX32.DL16.2.08-A.24 | C41: CMX32.usrout.37 | E41: CMX32.B.37 | F41: LJWINGR.B.37 | G41: LJWINGR.CH.08 | J41: LJWINGR.USB.08 | K41: wUSB | L41: VB.USB.08 | M41: RPR.08
... A45: sing 4 | B45: CMX32.DL16.1.15-A.15 | C45: CMX32.usrout.41 | E45: CMX32.B.41 | F45: LJWINGR.B.41 | G45: LJWINGR.CH.12 | J45: LJWINGR.USB.12 | K45: wUSB | L45: VB.USB.12 | M45: RPR.12
A46: ="@Piano mic" -> @Piano mic | B46: CMX32.DL16.1.16-A.16 | C46: CMX32.usrout.42 | E46: CMX32.B.42 | F46: LJWINGR.B.42 | G46: LJWINGR.CH.13 | J46: LJWINGR.USB.13 | K46: wUSB | L46: VB.USB.13 | M46: RPR.13
A47: SEN.01 skit JOCELYN sls.03(32) rewire | F47: LJWINGR.LCL.01 | G47: LJWINGR.CH.15 | J47: LJWINGR.USB.15 | K47: wUSB | L47: VB.USB.15 | M47: RPR.15
A48: SEN.02 skit CHLOE sls.04(33) rewire | F48: LJWINGR.LCL.02 | G48: LJWINGR.CH.16 | J48: LJWINGR.USB.16 | K48: wUSB | L48: VB.USB.16 | M48: RPR.16
A49: SEN.03 skit STELLA sls.05(34) rewire | F49: LJWINGR.LCL.03 | G49: LJWINGR.CH.17 | J49: LJWINGR.USB.17 | K49: wUSB | L49: VB.USB.17 | M49: RPR.17
A50: SEN.04 skit CARSON sls.06(35) rewire | F50: LJWINGR.LCL.04 | G50: LJWINGR.CH.18 | J50: LJWINGR.USB.18 | K50: wUSB | L50: VB.USB.18 | M50: RPR.18
A51: SEN.05 skit KIRBY sls.07(36) rewire | F51: LJWINGR.LCL.05 | G51: LJWINGR.CH.19 | J51: LJWINGR.USB.19 | K51: wUSB | L51: VB.USB.19 | M51: RPR.19
A52: SEN.05 skit ANNABELLE sls.08(09) rewire | F52: LJWINGR.LCL.06 | G52: LJWINGR.CH.20 | J52: LJWINGR.USB.20 | K52: wUSB | L52: VB.USB.20 | M52: RPR.20
A53: CMX32.BUS.01 PASTORs | B53: grp1 | C53: CMX32.usrout.45 | E53: CMX32.B.45 | F53: LJWINGR.B.43 | G53: LJWINGR.CH.21 | J53: LJWINGR.USB.21 | K53: wUSB | L53: VB.USB.21 | M53: RPR.21
A54: CMX32.BUS.02 PKs | B54: grp2 | C54: CMX32.usrout.46 | E54: CMX32.B.46 | F54: LJWINGR.B.44 | G54: LJWINGR.CH.22 | J54: LJWINGR.USB.22 | K54: wUSB | L54: VB.USB.22 | M54: RPR.22
A55: CMX32.BUS.03 SEN Vox | B55: grp3 | C55: CMX32.usrout.47 | E55: CMX32.B.47 | F55: LJWINGR.B.45 | G55: LJWINGR.CH.23 | J55: LJWINGR.USB.23 | K55: wUSB | L55: VB.USB.23 | M55: RPR.23
A56: CMX32.BUS.04 avail | B56: grp4 | C56: CMX32.usrout.48 | E56: CMX32.B.48 | F56: LJWINGR.B.46 | G56: LJWINGR.CH.24 | J56: LJWINGR.USB.24 | K56: wUSB | L56: VB.USB.24 | M56: RPR.24
A57: from Tube VOX L | F57: LJWINGR.LCL.21 | G57: LJWINGR.CH.39L
A58: from Tube VOX R | F58: LJWINGR.LCL.22 | G58: LJWINGR.CH.39R
A59: from Tube INST L | F59: LJWINGR.LCL.23 | G59: LJWINGR.CH.40L
A60: from Tube INST R | F60: LJWINGR.LCL.24 | G60: LJWINGR.CH.40R
A61: SLX.14 Pr Jeff | B61: CMX32.LCL.01 | C61: CMX32.CH.01 | D61: grp1 | J61: CMX32.USB.01 | K61: Xlive | L61: VB.XLive.01 | M61: RPR.97
A62: SLX.07 Pr Nate | B62: CMX32.LCL.02 | C62: CMX32.CH.02 | D62: grp1 | J62: CMX32.USB.02 | K62: Xlive | L62: VB.XLive.02 | M62: RPR.98
A63: SLX.08 Pr Paul | B63: CMX32.LCL.03 | C63: CMX32.CH.03 | D63: grp1 | J63: CMX32.USB.03 | K63: Xlive | L63: VB.XLive.03 | M63: RPR.99
A64: SLX.10 Kenzie | B64: CMX32.LCL.04 | C64: CMX32.CH.04 | D64: grp1 | J64: CMX32.USB.04 | K64: Xlive | L64: VB.XLive.04 | M64: RPR.100
A65: SLX.09 gst1 | B65: CMX32.LCL.05 | C65: CMX32.CH.05 | D65: grp1 | J65: CMX32.USB.05 | K65: Xlive | L65: VB.XLive.05 | M65: RPR.101
A66: SLX.15 gst2 | B66: CMX32.LCL.06 | C66: CMX32.CH.06 | D66: grp1 | J66: CMX32.USB.06 | K66: Xlive | L66: VB.XLive.06 | M66: RPR.102
A67: SLX.11 gst3 | B67: CMX32.LCL.07 | C67: CMX32.CH.07 | D67: grp1 | J67: CMX32.USB.07 | K67: Xlive | L67: VB.XLive.07 | M67: RPR.103
A68: SLX.12 altar hh | B68: CMX32.LCL.11 | C68: CMX32.CH.08 | D68: grp1 | J68: CMX32.USB.08 | K68: Xlive | L68: VB.XLive.08 | M68: RPR.104
A69: PK.01 sls.09 house snake 11 | B69: CMX32.LCL.26 | C69: CMX32.CH.09 | D69: grp2 | J69: CMX32.USB.09 | K69: Xlive | L69: VB.XLive.09 | M69: RPR.105
A70: PK.02 sls.10 house snake 12 | B70: CMX32.LCL.27 | C70: CMX32.CH.10 | D70: grp2 | J70: CMX32.USB.10 | K70: Xlive | L70: VB.XLive.10 | M70: RPR.106
A71: PK.03 sls.11 house snake 13 | B71: CMX32.LCL.28 | C71: CMX32.CH.11 | D71: grp2 | J71: CMX32.USB.11 | K71: Xlive | L71: VB.XLive.11 | M71: RPR.107
A72: PK.04 sls.12 house snake 14 | B72: CMX32.LCL.29 | C72: CMX32.CH.12 | D72: grp2 | J72: CMX32.USB.12 | K72: Xlive | L72: VB.XLive.12 | M72: RPR.108
... A74: sls.02 housr snake 31 SEN.12 hh | B74: CMX32.LCL.19 | C74: CMX32.CH.14 | D74: grp3 | J74: CMX32.USB.14 | K74: Xlive | L74: VB.XLive.14 | M74: RPR.110
A75: Organ house snake 25 | B75: CMX32.LCL.15 | C75: CMX32.CH.15 | J75: CMX32.USB.15 | K75: Xlive | L75: VB.XLive.15 | M75: RPR.111
A76: Room house snake 28 | B76: CMX32.LCL.16 | C76: CMX32.CH.16 | J76: CMX32.USB.16 | K76: Xlive | L76: VB.XLive.16 | M76: RPR.112
B77: CMX32.DL16.1.11-A.11
B78: CMX32.DL16.2.12-A.28
B79: CMX32.DL16.3.03-A.35
B80: CMX32.DL16.3.04-A.36
B81: CMX32.LCL.08
B82: CMX32.LCL.09
A83: ULX.05 | B83: CMX32.LCL.10
A84: ULX.06 | B84: CMX32.LCL.12
A85: SLX.16 | B85: CMX32.LCL.13
A86: SLX.18 | B86: CMX32.LCL.14
B87: CMX32.LCL.18
A88: (was 32) | B88: CMX32.LCL.20
A89: (was 33) | B89: CMX32.LCL.21
A90: (was 34) | B90: CMX32.LCL.22
A91: (was 35) | B91: CMX32.LCL.23
A92: (was 36) | B92: CMX32.LCL.24
A93: (was 09) | B93: CMX32.LCL.25
A94: sls.13(16) | B94: CMX32.LCL.30
A95: sls.14(17) | B95: CMX32.LCL.31
A96: sls.15(30) | B96: CMX32.LCL.32
F97: LJWINGR.LCL.13
F98: LJWINGR.LCL.14
F99: LJWINGR.LCL.15
F100: LJWINGR.LCL.16
F101: LJWINGR.LCL.17
F102: LJWINGR.LCL.18
A105: mon ovrch | G105: LJWINGR.C.01 | H105: LJX32R.A.01 | I105: remap aux 1
A106: mon pno | G106: LJWINGR.C.02 | H106: LJX32R.A.02 | I106: remap aux 2
A107: mon org | G107: LJWINGR.C.03 | H107: LJX32R.A.03 | I107: remap aux 3
A108: mon gtr | G108: LJWINGR.C.04 | H108: LJX32R.A.04 | I108: remap aux 4
A109: mon vox | G109: LJWINGR.C.05 | H109: LJX32R.A.05 | I109: remap aux 5
A110: mon drum | G110: LJWINGR.C.06 | H110: LJX32R.A.06 | I110: remap aux 6

Sheet Sheet2
E1: 20260306a INFO | G1: CM X32 | J1: CH#=usrin# out B= usrout | K1: VBM fr uin/ crd out | M1: WING 1 | P1: VBM | R1: WING 2 | U1: VBM
A2: in | F2: =">" -> > | G2: BUS.01 UNET.13 | H2: Group 1 | J2: B.out.45 | K2: =IF(MID(G2,1,3)="CH.",VALUE(MID(G2,4,2))+96,".") -> . | M2: =IF(MID(J2,1,6)="B.out.","B.in."&MID(J2,7,2),".") -> B.in.45 | N2: Group 1 | O2: CH.01 | P2: =IF(MID(O2,1,3)="CH.",VALUE(MID(O2,4,2))+0,".") -> 1 | R2: =IF(MID(O2,1,6)="C.out.","C.in."&MID(O2,7,2),".") -> . | S2: =IF(MID(T2,1,3)="CH.",$E2,"") | U2: =IF(MID(M2,1,3)="X32.",VALUE(MID(M2,8,2))+96, IF(MID(M2,1,3)="MR1.",VALUE(MID(M2,8,2))+0, IF(MID(M2,1,3)="MR2.",VALUE(MID(M2,8,2))+48,"."))) -> .
A3: in | F3: =">" -> > | G3: BUS.02 UNET.14 | H3: Group 2 | J3: B.out.46 | K3: =IF(MID(G3,1,3)="CH.",VALUE(MID(G3,4,2))+96,".") -> . | M3: =IF(MID(J3,1,6)="B.out.","B.in."&MID(J3,7,2),".") -> B.in.46 | N3: Group 2 | O3: CH.02 | P3: =IF(MID(O3,1,3)="CH.",VALUE(MID(O3,4,2))+0,".") -> 2 | R3: =IF(MID(O3,1,6)="C.out.","C.in."&MID(O3,7,2),".") -> . | S3: =IF(MID(T3,1,3)="CH.",$E3,"") | U3: =IF(MID(T3,1,3)="CH.",VALUE(MID(T3,4,2))+48,".") -> .
A4: in | F4: =">" -> > | G4: BUS.03 UNET.15 | H4: Group 3 | J4: B.out.47 | K4: =IF(MID(G4,1,3)="CH.",VALUE(MID(G4,4,2))+96,".") -> . | M4: =IF(MID(J4,1,6)="B.out.","B.in."&MID(J4,7,2),".") -> B.in.47 | N4: Group 3 | O4: CH.03 | P4: =IF(MID(O4,1,3)="CH.",VALUE(MID(O4,4,2))+0,".") -> 3 | R4: =IF(MID(O4,1,6)="C.out.","C.in."&MID(O4,7,2),".") -> . | S4: =IF(MID(T4,1,3)="CH.",$E4,"") | U4: =IF(MID(T4,1,3)="CH.",VALUE(MID(T4,4,2))+48,".") -> .
A5: in | F5: =">" -> > | G5: BUS.04 UNET.16 | H5: Group 4 | J5: B.out.48 | K5: =IF(MID(G5,1,3)="CH.",VALUE(MID(G5,4,2))+96,".") -> . | M5: =IF(MID(J5,1,6)="B.out.","B.in."&MID(J5,7,2),".") -> B.in.48 | N5: Group 4 | O5: CH.04 | P5: =IF(MID(O5,1,3)="CH.",VALUE(MID(O5,4,2))+0,".") -> 4 | R5: =IF(MID(O5,1,6)="C.out.","C.in."&MID(O5,7,2),".") -> . | S5: =IF(MID(T5,1,3)="CH.",$E5,"") | U5: =IF(MID(T5,1,3)="CH.",VALUE(MID(T5,4,2))+48,".") -> .
A6: in | B6: SLX.14 | E6: Pr Jeff | F6: =">" -> > | G6: L.in.01 | H6: =IF(MID(J6,1,3)="CH.",$E6,"") -> Pr Jeff | I6: BUS.01 | J6: CH.01 | K6: =IF(MID(J6,1,3)="CH.",VALUE(MID(J6,4,2))+96,".") -> 97 | M6: =IF(MID(J6,1,6)="B.out.","B.in."&MID(J6,7,2),".") -> . | N6: =IF(MID(O6,1,3)="CH.",$E6,"") | P6: =IF(MID(O6,1,3)="CH.",VALUE(MID(O6,4,2))+0,".") -> . | R6: =IF(MID(O6,1,6)="C.out.","C.in."&MID(O6,7,2),".") -> . | S6: =IF(MID(T6,1,3)="CH.",$E6,"") | U6: =IF(MID(T6,1,3)="CH.",VALUE(MID(T6,4,2))+48,".") -> .
A7: in | B7: SLX.07 | E7: Vicar | F7: =">" -> > | G7: L.in.02 | H7: =IF(MID(J7,1,3)="CH.",$E7,"") -> Vicar | I7: BUS.01 | J7: CH.02 | K7: =IF(MID(J7,1,3)="CH.",VALUE(MID(J7,4,2))+96,".") -> 98 | M7: =IF(MID(J7,1,6)="B.out.","B.in."&MID(J7,7,2),".") -> . | N7: =IF(MID(O7,1,3)="CH.",$E7,"") | P7: =IF(MID(O7,1,3)="CH.",VALUE(MID(O7,4,2))+0,".") -> . | R7: =IF(MID(O7,1,6)="C.out.","C.in."&MID(O7,7,2),".") -> . | S7: =IF(MID(T7,1,3)="CH.",$E7,"") | U7: =IF(MID(T7,1,3)="CH.",VALUE(MID(T7,4,2))+48,".") -> .
A8: in | B8: SLX.08 | E8: Pr Paul | F8: =">" -> > | G8: L.in.03 | H8: =IF(MID(J8,1,3)="CH.",$E8,"") -> Pr Paul | I8: BUS.01 | J8: CH.03 | K8: =IF(MID(J8,1,3)="CH.",VALUE(MID(J8,4,2))+96,".") -> 99 | M8: =IF(MID(J8,1,6)="B.out.","B.in."&MID(J8,7,2),".") -> . | N8: =IF(MID(O8,1,3)="CH.",$E8,"") | P8: =IF(MID(O8,1,3)="CH.",VALUE(MID(O8,4,2))+0,".") -> . | R8: =IF(MID(O8,1,6)="C.out.","C.in."&MID(O8,7,2),".") -> . | S8: =IF(MID(T8,1,3)="CH.",$E8,"") | U8: =IF(MID(T8,1,3)="CH.",VALUE(MID(T8,4,2))+48,".") -> .
A9: in | B9: SLX.10 | E9: Kenzie | F9: =">" -> > | G9: L.in.04 | H9: =IF(MID(J9,1,3)="CH.",$E9,"") -> Kenzie | I9: BUS.01 | J9: CH.04 | K9: =IF(MID(J9,1,3)="CH.",VALUE(MID(J9,4,2))+96,".") -> 100 | M9: =IF(MID(J9,1,6)="B.out.","B.in."&MID(J9,7,2),".") -> . | N9: =IF(MID(O9,1,3)="CH.",$E9,"") | P9: =IF(MID(O9,1,3)="CH.",VALUE(MID(O9,4,2))+0,".") -> . | R9: =IF(MID(O9,1,6)="C.out.","C.in."&MID(O9,7,2),".") -> . | S9: =IF(MID(T9,1,3)="CH.",$E9,"") | U9: =IF(MID(T9,1,3)="CH.",VALUE(MID(T9,4,2))+48,".") -> .
A10: in | B10: SLX.09 | E10: GST 1 | F10: =">" -> > | G10: L.in.05 | H10: =IF(MID(J10,1,3)="CH.",$E10,"") -> GST 1 | I10: BUS.01 | J10: CH.05 | K10: =IF(MID(J10,1,3)="CH.",VALUE(MID(J10,4,2))+96,".") -> 101 | M10: =IF(MID(J10,1,6)="B.out.","B.in."&MID(J10,7,2),".") -> . | N10: =IF(MID(O10,1,3)="CH.",$E10,"") | P10: =IF(MID(O10,1,3)="CH.",VALUE(MID(O10,4,2))+0,".") -> . | R10: =IF(MID(O10,1,6)="C.out.","C.in."&MID(O10,7,2),".") -> . | S10: =IF(MID(T10,1,3)="CH.",$E10,"") | U10: =IF(MID(T10,1,3)="CH.",VALUE(MID(T10,4,2))+48,".") -> .
A11: in | B11: SLX.15 | E11: GST 2 | F11: =">" -> > | G11: L.in.06 | H11: =IF(MID(J11,1,3)="CH.",$E11,"") -> GST 2 | I11: BUS.01 | J11: CH.06 | K11: =IF(MID(J11,1,3)="CH.",VALUE(MID(J11,4,2))+96,".") -> 102 | M11: =IF(MID(J11,1,6)="B.out.","B.in."&MID(J11,7,2),".") -> . | N11: =IF(MID(O11,1,3)="CH.",$E11,"") | P11: =IF(MID(O11,1,3)="CH.",VALUE(MID(O11,4,2))+0,".") -> . | R11: =IF(MID(O11,1,6)="C.out.","C.in."&MID(O11,7,2),".") -> . | S11: =IF(MID(T11,1,3)="CH.",$E11,"") | U11: =IF(MID(T11,1,3)="CH.",VALUE(MID(T11,4,2))+48,".") -> .
A12: in | B12: SLX.11 | E12: GST 3 | F12: =">" -> > | G12: L.in.07 | H12: =IF(MID(J12,1,3)="CH.",$E12,"") -> GST 3 | I12: BUS.01 | J12: CH.07 | K12: =IF(MID(J12,1,3)="CH.",VALUE(MID(J12,4,2))+96,".") -> 103 | M12: =IF(MID(J12,1,6)="B.out.","B.in."&MID(J12,7,2),".") -> . | N12: =IF(MID(O12,1,3)="CH.",$E12,"") | P12: =IF(MID(O12,1,3)="CH.",VALUE(MID(O12,4,2))+0,".") -> . | R12: =IF(MID(O12,1,6)="C.out.","C.in."&MID(O12,7,2),".") -> . | S12: =IF(MID(T12,1,3)="CH.",$E12,"") | U12: =IF(MID(T12,1,3)="CH.",VALUE(MID(T12,4,2))+48,".") -> .
A13: in | F13: =">" -> > | G13: L.in.08 | H13: =IF(MID(J13,1,3)="CH.",$E13,"") | K13: =IF(MID(J13,1,3)="CH.",VALUE(MID(J13,4,2))+96,".") -> . | M13: =IF(MID(J13,1,6)="B.out.","B.in."&MID(J13,7,2),".") -> . | N13: =IF(MID(O13,1,3)="CH.",$E13,"") | P13: =IF(MID(O13,1,3)="CH.",VALUE(MID(O13,4,2))+0,".") -> . | R13: =IF(MID(O13,1,6)="C.out.","C.in."&MID(O13,7,2),".") -> . | S13: =IF(MID(T13,1,3)="CH.",$E13,"") | U13: =IF(MID(T13,1,3)="CH.",VALUE(MID(T13,4,2))+48,".") -> .
A14: in | F14: =">" -> > | G14: L.in.09 | H14: =IF(MID(J14,1,3)="CH.",$E14,"") | K14: =IF(MID(J14,1,3)="CH.",VALUE(MID(J14,4,2))+96,".") -> . | M14: =IF(MID(J14,1,6)="B.out.","B.in."&MID(J14,7,2),".") -> . | N14: =IF(MID(O14,1,3)="CH.",$E14,"") | P14: =IF(MID(O14,1,3)="CH.",VALUE(MID(O14,4,2))+0,".") -> . | R14: =IF(MID(O14,1,6)="C.out.","C.in."&MID(O14,7,2),".") -> . | S14: =IF(MID(T14,1,3)="CH.",$E14,"") | U14: =IF(MID(T14,1,3)="CH.",VALUE(MID(T14,4,2))+48,".") -> .
A15: in | B15: ULX.05 | F15: =">" -> > | G15: L.in.10 | H15: =IF(MID(J15,1,3)="CH.",$E15,"") | K15: =IF(MID(J15,1,3)="CH.",VALUE(MID(J15,4,2))+96,".") -> . | M15: =IF(MID(J15,1,6)="B.out.","B.in."&MID(J15,7,2),".") -> . | N15: =IF(MID(O15,1,3)="CH.",$E15,"") | P15: =IF(MID(O15,1,3)="CH.",VALUE(MID(O15,4,2))+0,".") -> . | R15: =IF(MID(O15,1,6)="C.out.","C.in."&MID(O15,7,2),".") -> . | S15: =IF(MID(T15,1,3)="CH.",$E15,"") | U15: =IF(MID(T15,1,3)="CH.",VALUE(MID(T15,4,2))+48,".") -> .
A16: in | B16: SLX.12 | E16: Altar | F16: =">" -> > | G16: L.in.11 | H16: =IF(MID(J16,1,3)="CH.",$E16,"") -> Altar | I16: BUS.01 | J16: CH.08 | K16: =IF(MID(J16,1,3)="CH.",VALUE(MID(J16,4,2))+96,".") -> 104 | M16: =IF(MID(J16,1,6)="B.out.","B.in."&MID(J16,7,2),".") -> . | N16: =IF(MID(O16,1,3)="CH.",$E16,"") | P16: =IF(MID(O16,1,3)="CH.",VALUE(MID(O16,4,2))+0,".") -> . | R16: =IF(MID(O16,1,6)="C.out.","C.in."&MID(O16,7,2),".") -> . | S16: =IF(MID(T16,1,3)="CH.",$E16,"") | U16: =IF(MID(T16,1,3)="CH.",VALUE(MID(T16,4,2))+48,".") -> .
A17: in | B17: ULX.06 | F17: =">" -> > | G17: L.in.12 | H17: =IF(MID(J17,1,3)="CH.",$E17,"") | K17: =IF(MID(J17,1,3)="CH.",VALUE(MID(J17,4,2))+96,".") -> . | M17: =IF(MID(J17,1,6)="B.out.","B.in."&MID(J17,7,2),".") -> . | N17: =IF(MID(O17,1,3)="CH.",$E17,"") | P17: =IF(MID(O17,1,3)="CH.",VALUE(MID(O17,4,2))+0,".") -> . | R17: =IF(MID(O17,1,6)="C.out.","C.in."&MID(O17,7,2),".") -> . | S17: =IF(MID(T17,1,3)="CH.",$E17,"") | U17: =IF(MID(T17,1,3)="CH.",VALUE(MID(T17,4,2))+48,".") -> .
A18: in | B18: SLX.16 | F18: =">" -> > | G18: L.in.13 | H18: =IF(MID(J18,1,3)="CH.",$E18,"") | K18: =IF(MID(J18,1,3)="CH.",VALUE(MID(J18,4,2))+96,".") -> . | M18: =IF(MID(J18,1,6)="B.out.","B.in."&MID(J18,7,2),".") -> . | N18: =IF(MID(O18,1,3)="CH.",$E18,"") | P18: =IF(MID(O18,1,3)="CH.",VALUE(MID(O18,4,2))+0,".") -> . | R18: =IF(MID(O18,1,6)="C.out.","C.in."&MID(O18,7,2),".") -> . | S18: =IF(MID(T18,1,3)="CH.",$E18,"") | U18: =IF(MID(T18,1,3)="CH.",VALUE(MID(T18,4,2))+48,".") -> .
A19: in | B19: SLX.18 | F19: =">" -> > | G19: L.in.14 | H19: =IF(MID(J19,1,3)="CH.",$E19,"") | K19: =IF(MID(J19,1,3)="CH.",VALUE(MID(J19,4,2))+96,".") -> . | M19: =IF(MID(J19,1,6)="B.out.","B.in."&MID(J19,7,2),".") -> . | N19: =IF(MID(O19,1,3)="CH.",$E19,"") | P19: =IF(MID(O19,1,3)="CH.",VALUE(MID(O19,4,2))+0,".") -> . | R19: =IF(MID(O19,1,6)="C.out.","C.in."&MID(O19,7,2),".") -> . | S19: =IF(MID(T19,1,3)="CH.",$E19,"") | U19: =IF(MID(T19,1,3)="CH.",VALUE(MID(T19,4,2))+48,".") -> .
A20: in | B20: hang.01 | D20: hs.25 | E20: Organ | F20: =">" -> > | G20: L.in.15 | H20: =IF(MID(J20,1,3)="CH.",$E20,"") -> Organ | J20: CH.15 | K20: =IF(MID(J20,1,3)="CH.",VALUE(MID(J20,4,2))+96,".") -> 111 | M20: =IF(MID(J20,1,6)="B.out.","B.in."&MID(J20,7,2),".") -> . | N20: =IF(MID(O20,1,3)="CH.",$E20,"") | P20: =IF(MID(O20,1,3)="CH.",VALUE(MID(O20,4,2))+0,".") -> . | R20: =IF(MID(O20,1,6)="C.out.","C.in."&MID(O20,7,2),".") -> . | S20: =IF(MID(T20,1,3)="CH.",$E20,"") | U20: =IF(MID(T20,1,3)="CH.",VALUE(MID(T20,4,2))+48,".") -> .
A21: in | B21: hang.03 | D21: hs.29 | E21: Room | F21: =">" -> > | G21: L.in.16 | H21: =IF(MID(J21,1,3)="CH.",$E21,"") -> Room | J21: CH.16 | K21: =IF(MID(J21,1,3)="CH.",VALUE(MID(J21,4,2))+96,".") -> 112 | M21: =IF(MID(J21,1,6)="B.out.","B.in."&MID(J21,7,2),".") -> . | N21: =IF(MID(O21,1,3)="CH.",$E21,"") | P21: =IF(MID(O21,1,3)="CH.",VALUE(MID(O21,4,2))+0,".") -> . | R21: =IF(MID(O21,1,6)="C.out.","C.in."&MID(O21,7,2),".") -> . | S21: =IF(MID(T21,1,3)="CH.",$E21,"") | U21: =IF(MID(T21,1,3)="CH.",VALUE(MID(T21,4,2))+48,".") -> .
A22: in | B22: SEN.11 | C22: sls.01 | D22: hs.18 | E22: Sing or Skit | F22: =">" -> > | G22: L.in.17 | H22: =IF(MID(J22,1,3)="CH.",$E22,"") | J22: B.out.01 | K22: =IF(MID(J22,1,3)="CH.",VALUE(MID(J22,4,2))+96,".") -> . | M22: =IF(MID(J22,1,6)="B.out.","B.in."&MID(J22,7,2),".") -> B.in.01 | N22: =IF(MID(O22,1,3)="CH.",$E22,"") -> Sing or Skit | O22: CH.18 | P22: =IF(MID(O22,1,3)="CH.",VALUE(MID(O22,4,2))+0,".") -> 18 | R22: =IF(MID(O22,1,6)="C.out.","C.in."&MID(O22,7,2),".") -> . | S22: =IF(MID(T22,1,3)="CH.",$E22,"") | U22: =IF(MID(T22,1,3)="CH.",VALUE(MID(T22,4,2))+48,".") -> .
A23: in | F23: =">" -> > | G23: L.in.18 | H23: =IF(MID(J23,1,3)="CH.",$E23,"") | K23: =IF(MID(J23,1,3)="CH.",VALUE(MID(J23,4,2))+96,".") -> . | M23: =IF(MID(J23,1,6)="B.out.","B.in."&MID(J23,7,2),".") -> . | N23: =IF(MID(O23,1,3)="CH.",$E23,"") | P23: =IF(MID(O23,1,3)="CH.",VALUE(MID(O23,4,2))+0,".") -> . | R23: =IF(MID(O23,1,6)="C.out.","C.in."&MID(O23,7,2),".") -> . | S23: =IF(MID(T23,1,3)="CH.",$E23,"") | U23: =IF(MID(T23,1,3)="CH.",VALUE(MID(T23,4,2))+48,".") -> .
A24: in | B24: SEN.12 | C24: sls.02 | D24: hs.31 | E24: Sing or Skit | F24: =">" -> > | G24: L.in.19 | H24: =IF(MID(J24,1,3)="CH.",$E24,"") | J24: B.out.02 | K24: =IF(MID(J24,1,3)="CH.",VALUE(MID(J24,4,2))+96,".") -> . | M24: =IF(MID(J24,1,6)="B.out.","B.in."&MID(J24,7,2),".") -> B.in.02 | N24: =IF(MID(O24,1,3)="CH.",$E24,"") -> Sing or Skit | O24: CH.19 | P24: =IF(MID(O24,1,3)="CH.",VALUE(MID(O24,4,2))+0,".") -> 19 | R24: =IF(MID(O24,1,6)="C.out.","C.in."&MID(O24,7,2),".") -> . | S24: =IF(MID(T24,1,3)="CH.",$E24,"") | U24: =IF(MID(T24,1,3)="CH.",VALUE(MID(T24,4,2))+48,".") -> .
A25: in | B25: SEN.06 | C25: sls.03 | D25: hs.32 | E25: SEN.06 | F25: =">" -> > | G25: L.in.20 | H25: =IF(MID(J25,1,3)="CH.",$E25,"") | J25: B.out.03 | K25: =IF(MID(J25,1,3)="CH.",VALUE(MID(J25,4,2))+96,".") -> . | M25: =IF(MID(J25,1,6)="B.out.","B.in."&MID(J25,7,2),".") -> B.in.03 | N25: =IF(MID(O25,1,3)="CH.",$E25,"") -> SEN.06 | O25: CH.20 | P25: =IF(MID(O25,1,3)="CH.",VALUE(MID(O25,4,2))+0,".") -> 20 | R25: =IF(MID(O25,1,6)="C.out.","C.in."&MID(O25,7,2),".") -> . | S25: =IF(MID(T25,1,3)="CH.",$E25,"") | U25: =IF(MID(T25,1,3)="CH.",VALUE(MID(T25,4,2))+48,".") -> .
A26: in | B26: SEN.07 | C26: sls.04 | D26: hs.33 | E26: SEN.07 | F26: =">" -> > | G26: L.in.21 | H26: =IF(MID(J26,1,3)="CH.",$E26,"") | J26: B.out.04 | K26: =IF(MID(J26,1,3)="CH.",VALUE(MID(J26,4,2))+96,".") -> . | M26: =IF(MID(J26,1,6)="B.out.","B.in."&MID(J26,7,2),".") -> B.in.04 | N26: =IF(MID(O26,1,3)="CH.",$E26,"") -> SEN.07 | O26: CH.21 | P26: =IF(MID(O26,1,3)="CH.",VALUE(MID(O26,4,2))+0,".") -> 21 | R26: =IF(MID(O26,1,6)="C.out.","C.in."&MID(O26,7,2),".") -> . | S26: =IF(MID(T26,1,3)="CH.",$E26,"") | U26: =IF(MID(T26,1,3)="CH.",VALUE(MID(T26,4,2))+48,".") -> .
A27: in | B27: SEN.08 | C27: sls.05 | D27: hs.34 | E27: SEN.08 | F27: =">" -> > | G27: L.in.22 | H27: =IF(MID(J27,1,3)="CH.",$E27,"") | J27: B.out.05 | K27: =IF(MID(J27,1,3)="CH.",VALUE(MID(J27,4,2))+96,".") -> . | M27: =IF(MID(J27,1,6)="B.out.","B.in."&MID(J27,7,2),".") -> B.in.05 | N27: =IF(MID(O27,1,3)="CH.",$E27,"") -> SEN.08 | O27: CH.22 | P27: =IF(MID(O27,1,3)="CH.",VALUE(MID(O27,4,2))+0,".") -> 22 | R27: =IF(MID(O27,1,6)="C.out.","C.in."&MID(O27,7,2),".") -> . | S27: =IF(MID(T27,1,3)="CH.",$E27,"") | U27: =IF(MID(T27,1,3)="CH.",VALUE(MID(T27,4,2))+48,".") -> .
A28: in | B28: SEN.09 | C28: sls.06 | D28: hs.35 | E28: SEN.09 | F28: =">" -> > | G28: L.in.23 | H28: =IF(MID(J28,1,3)="CH.",$E28,"") | J28: B.out.06 | K28: =IF(MID(J28,1,3)="CH.",VALUE(MID(J28,4,2))+96,".") -> . | M28: =IF(MID(J28,1,6)="B.out.","B.in."&MID(J28,7,2),".") -> B.in.06 | N28: =IF(MID(O28,1,3)="CH.",$E28,"") -> SEN.09 | O28: CH.23 | P28: =IF(MID(O28,1,3)="CH.",VALUE(MID(O28,4,2))+0,".") -> 23 | R28: =IF(MID(O28,1,6)="C.out.","C.in."&MID(O28,7,2),".") -> . | S28: =IF(MID(T28,1,3)="CH.",$E28,"") | U28: =IF(MID(T28,1,3)="CH.",VALUE(MID(T28,4,2))+48,".") -> .
A29: in | B29: SEN.10 | C29: sls.07 | D29: hs.36 | E29: SEN.10 | F29: =">" -> > | G29: L.in.24 | H29: =IF(MID(J29,1,3)="CH.",$E29,"") | J29: B.out.07 | K29: =IF(MID(J29,1,3)="CH.",VALUE(MID(J29,4,2))+96,".") -> . | M29: =IF(MID(J29,1,6)="B.out.","B.in."&MID(J29,7,2),".") -> B.in.07 | N29: =IF(MID(O29,1,3)="CH.",$E29,"") -> SEN.10 | O29: CH.24 | P29: =IF(MID(O29,1,3)="CH.",VALUE(MID(O29,4,2))+0,".") -> 24 | R29: =IF(MID(O29,1,6)="C.out.","C.in."&MID(O29,7,2),".") -> . | S29: =IF(MID(T29,1,3)="CH.",$E29,"") | U29: =IF(MID(T29,1,3)="CH.",VALUE(MID(T29,4,2))+48,".") -> .
A30: in | C30: sls.08 | D30: hs.09 | F30: =">" -> > | G30: L.in.25 | H30: =IF(MID(J30,1,3)="CH.",$E30,"") | K30: =IF(MID(J30,1,3)="CH.",VALUE(MID(J30,4,2))+96,".") -> . | M30: =IF(MID(J30,1,6)="B.out.","B.in."&MID(J30,7,2),".") -> . | N30: =IF(MID(O30,1,3)="CH.",$E30,"") | P30: =IF(MID(O30,1,3)="CH.",VALUE(MID(O30,4,2))+0,".") -> . | R30: =IF(MID(O30,1,6)="C.out.","C.in."&MID(O30,7,2),".") -> . | S30: =IF(MID(T30,1,3)="CH.",$E30,"") | U30: =IF(MID(T30,1,3)="CH.",VALUE(MID(T30,4,2))+48,".") -> .
A31: in | F31: =">" -> > | G31: L.in.26 | H31: =IF(MID(J31,1,3)="CH.",$E31,"") | K31: =IF(MID(J31,1,3)="CH.",VALUE(MID(J31,4,2))+96,".") -> . | M31: =IF(MID(J31,1,6)="B.out.","B.in."&MID(J31,7,2),".") -> . | N31: =IF(MID(O31,1,3)="CH.",$E31,"") | P31: =IF(MID(O31,1,3)="CH.",VALUE(MID(O31,4,2))+0,".") -> . | R31: =IF(MID(O31,1,6)="C.out.","C.in."&MID(O31,7,2),".") -> . | S31: =IF(MID(T31,1,3)="CH.",$E31,"") | U31: =IF(MID(T31,1,3)="CH.",VALUE(MID(T31,4,2))+48,".") -> .
A32: in | F32: =">" -> > | G32: L.in.27 | H32: =IF(MID(J32,1,3)="CH.",$E32,"") | K32: =IF(MID(J32,1,3)="CH.",VALUE(MID(J32,4,2))+96,".") -> . | M32: =IF(MID(J32,1,6)="B.out.","B.in."&MID(J32,7,2),".") -> . | N32: =IF(MID(O32,1,3)="CH.",$E32,"") | P32: =IF(MID(O32,1,3)="CH.",VALUE(MID(O32,4,2))+0,".") -> . | R32: =IF(MID(O32,1,6)="C.out.","C.in."&MID(O32,7,2),".") -> . | S32: =IF(MID(T32,1,3)="CH.",$E32,"") | U32: =IF(MID(T32,1,3)="CH.",VALUE(MID(T32,4,2))+48,".") -> .
A33: in | F33: =">" -> > | G33: L.in.28 | H33: =IF(MID(J33,1,3)="CH.",$E33,"") | K33: =IF(MID(J33,1,3)="CH.",VALUE(MID(J33,4,2))+96,".") -> . | M33: =IF(MID(J33,1,6)="B.out.","B.in."&MID(J33,7,2),".") -> . | N33: =IF(MID(O33,1,3)="CH.",$E33,"") | P33: =IF(MID(O33,1,3)="CH.",VALUE(MID(O33,4,2))+0,".") -> . | R33: =IF(MID(O33,1,6)="C.out.","C.in."&MID(O33,7,2),".") -> . | S33: =IF(MID(T33,1,3)="CH.",$E33,"") | U33: =IF(MID(T33,1,3)="CH.",VALUE(MID(T33,4,2))+48,".") -> .
A34: in | F34: =">" -> > | G34: L.in.29 | H34: =IF(MID(J34,1,3)="CH.",$E34,"") | K34: =IF(MID(J34,1,3)="CH.",VALUE(MID(J34,4,2))+96,".") -> . | M34: =IF(MID(J34,1,6)="B.out.","B.in."&MID(J34,7,2),".") -> . | N34: =IF(MID(O34,1,3)="CH.",$E34,"") | P34: =IF(MID(O34,1,3)="CH.",VALUE(MID(O34,4,2))+0,".") -> . | R34: =IF(MID(O34,1,6)="C.out.","C.in."&MID(O34,7,2),".") -> . | S34: =IF(MID(T34,1,3)="CH.",$E34,"") | U34: =IF(MID(T34,1,3)="CH.",VALUE(MID(T34,4,2))+48,".") -> .
A35: in | F35: =">" -> > | G35: L.in.30 | H35: =IF(MID(J35,1,3)="CH.",$E35,"") | K35: =IF(MID(J35,1,3)="CH.",VALUE(MID(J35,4,2))+96,".") -> . | M35: =IF(MID(J35,1,6)="B.out.","B.in."&MID(J35,7,2),".") -> . | N35: =IF(MID(O35,1,3)="CH.",$E35,"") | P35: =IF(MID(O35,1,3)="CH.",VALUE(MID(O35,4,2))+0,".") -> . | R35: =IF(MID(O35,1,6)="C.out.","C.in."&MID(O35,7,2),".") -> . | S35: =IF(MID(T35,1,3)="CH.",$E35,"") | U35: =IF(MID(T35,1,3)="CH.",VALUE(MID(T35,4,2))+48,".") -> .
A36: in | F36: =">" -> > | G36: L.in.31 | H36: =IF(MID(J36,1,3)="CH.",$E36,"") | K36: =IF(MID(J36,1,3)="CH.",VALUE(MID(J36,4,2))+96,".") -> . | M36: =IF(MID(J36,1,6)="B.out.","B.in."&MID(J36,7,2),".") -> . | N36: =IF(MID(O36,1,3)="CH.",$E36,"") | P36: =IF(MID(O36,1,3)="CH.",VALUE(MID(O36,4,2))+0,".") -> . | R36: =IF(MID(O36,1,6)="C.out.","C.in."&MID(O36,7,2),".") -> . | S36: =IF(MID(T36,1,3)="CH.",$E36,"") | U36: =IF(MID(T36,1,3)="CH.",VALUE(MID(T36,4,2))+48,".") -> .
A37: in | F37: =">" -> > | G37: L.in.32 | H37: =IF(MID(J37,1,3)="CH.",$E37,"") | K37: =IF(MID(J37,1,3)="CH.",VALUE(MID(J37,4,2))+96,".") -> . | M37: =IF(MID(J37,1,6)="B.out.","B.in."&MID(J37,7,2),".") -> . | N37: =IF(MID(O37,1,3)="CH.",$E37,"") | P37: =IF(MID(O37,1,3)="CH.",VALUE(MID(O37,4,2))+0,".") -> . | R37: =IF(MID(O37,1,6)="C.out.","C.in."&MID(O37,7,2),".") -> . | S37: =IF(MID(T37,1,3)="CH.",$E37,"") | U37: =IF(MID(T37,1,3)="CH.",VALUE(MID(T37,4,2))+48,".") -> .
A38: in | E38: BT-L | F38: =">" -> > | G38: aux.in.01 | H38: =IF(MID(J38,1,3)="CH.",$E38,"") -> BT-L | J38: CH.27 | K38: =IF(MID(J38,1,3)="CH.",VALUE(MID(J38,4,2))+96,".") -> 123 | M38: =IF(MID(J38,1,6)="B.out.","B.in."&MID(J38,7,2),".") -> . | N38: =IF(MID(O38,1,3)="CH.",$E38,"") | P38: =IF(MID(O38,1,3)="CH.",VALUE(MID(O38,4,2))+0,".") -> . | R38: =IF(MID(O38,1,6)="C.out.","C.in."&MID(O38,7,2),".") -> . | S38: =IF(MID(T38,1,3)="CH.",$E38,"") | U38: =IF(MID(T38,1,3)="CH.",VALUE(MID(T38,4,2))+48,".") -> .
A39: in | E39: BT-R | F39: =">" -> > | G39: aux.in.02 | H39: =IF(MID(J39,1,3)="CH.",$E39,"") -> BT-R | J39: CH.28 | K39: =IF(MID(J39,1,3)="CH.",VALUE(MID(J39,4,2))+96,".") -> 124 | M39: =IF(MID(J39,1,6)="B.out.","B.in."&MID(J39,7,2),".") -> . | N39: =IF(MID(O39,1,3)="CH.",$E39,"") | P39: =IF(MID(O39,1,3)="CH.",VALUE(MID(O39,4,2))+0,".") -> . | R39: =IF(MID(O39,1,6)="C.out.","C.in."&MID(O39,7,2),".") -> . | S39: =IF(MID(T39,1,3)="CH.",$E39,"") | U39: =IF(MID(T39,1,3)="CH.",VALUE(MID(T39,4,2))+48,".") -> .
A40: in | E40: CD-L | F40: =">" -> > | G40: aux.in.03 | H40: =IF(MID(J40,1,3)="CH.",$E40,"") -> CD-L | J40: CH.29 | K40: =IF(MID(J40,1,3)="CH.",VALUE(MID(J40,4,2))+96,".") -> 125 | M40: =IF(MID(J40,1,6)="B.out.","B.in."&MID(J40,7,2),".") -> . | N40: =IF(MID(O40,1,3)="CH.",$E40,"") | P40: =IF(MID(O40,1,3)="CH.",VALUE(MID(O40,4,2))+0,".") -> . | R40: =IF(MID(O40,1,6)="C.out.","C.in."&MID(O40,7,2),".") -> . | S40: =IF(MID(T40,1,3)="CH.",$E40,"") | U40: =IF(MID(T40,1,3)="CH.",VALUE(MID(T40,4,2))+48,".") -> .
A41: in | E41: CD-R | F41: =">" -> > | G41: aux.in.04 | H41: =IF(MID(J41,1,3)="CH.",$E41,"") -> CD-R | J41: CH.30 | K41: =IF(MID(J41,1,3)="CH.",VALUE(MID(J41,4,2))+96,".") -> 126 | M41: =IF(MID(J41,1,6)="B.out.","B.in."&MID(J41,7,2),".") -> . | N41: =IF(MID(O41,1,3)="CH.",$E41,"") | P41: =IF(MID(O41,1,3)="CH.",VALUE(MID(O41,4,2))+0,".") -> . | R41: =IF(MID(O41,1,6)="C.out.","C.in."&MID(O41,7,2),".") -> . | S41: =IF(MID(T41,1,3)="CH.",$E41,"") | U41: =IF(MID(T41,1,3)="CH.",VALUE(MID(T41,4,2))+48,".") -> .
A42: in | E42: PC-L | F42: =">" -> > | G42: aux.in.05 | H42: =IF(MID(J42,1,3)="CH.",$E42,"") -> PC-L | J42: CH.31 | K42: =IF(MID(J42,1,3)="CH.",VALUE(MID(J42,4,2))+96,".") -> 127 | M42: =IF(MID(J42,1,6)="B.out.","B.in."&MID(J42,7,2),".") -> . | N42: =IF(MID(O42,1,3)="CH.",$E42,"") | P42: =IF(MID(O42,1,3)="CH.",VALUE(MID(O42,4,2))+0,".") -> . | R42: =IF(MID(O42,1,6)="C.out.","C.in."&MID(O42,7,2),".") -> . | S42: =IF(MID(T42,1,3)="CH.",$E42,"") | U42: =IF(MID(T42,1,3)="CH.",VALUE(MID(T42,4,2))+48,".") -> .
A43: in | E43: PC-R | F43: =">" -> > | G43: aux.in.06 | H43: =IF(MID(J43,1,3)="CH.",$E43,"") -> PC-R | J43: CH.32 | K43: =IF(MID(J43,1,3)="CH.",VALUE(MID(J43,4,2))+96,".") -> 128 | M43: =IF(MID(J43,1,6)="B.out.","B.in."&MID(J43,7,2),".") -> . | N43: =IF(MID(O43,1,3)="CH.",$E43,"") | P43: =IF(MID(O43,1,3)="CH.",VALUE(MID(O43,4,2))+0,".") -> . | R43: =IF(MID(O43,1,6)="C.out.","C.in."&MID(O43,7,2),".") -> . | S43: =IF(MID(T43,1,3)="CH.",$E43,"") | U43: =IF(MID(T43,1,3)="CH.",VALUE(MID(T43,4,2))+48,".") -> .
A44: in | E44: usb L | F44: =">" -> > | G44: aux.in.07 | H44: =IF(MID(J44,1,3)="CH.",$E44,"") | K44: =IF(MID(J44,1,3)="CH.",VALUE(MID(J44,4,2))+96,".") -> . | M44: =IF(MID(J44,1,6)="B.out.","B.in."&MID(J44,7,2),".") -> . | N44: =IF(MID(O44,1,3)="CH.",$E44,"") | P44: =IF(MID(O44,1,3)="CH.",VALUE(MID(O44,4,2))+0,".") -> . | R44: =IF(MID(O44,1,6)="C.out.","C.in."&MID(O44,7,2),".") -> . | S44: =IF(MID(T44,1,3)="CH.",$E44,"") | U44: =IF(MID(T44,1,3)="CH.",VALUE(MID(T44,4,2))+48,".") -> .
A45: in | E45: usb R | F45: =">" -> > | G45: aux.in.08 | H45: =IF(MID(J45,1,3)="CH.",$E45,"") | K45: =IF(MID(J45,1,3)="CH.",VALUE(MID(J45,4,2))+96,".") -> . | M45: =IF(MID(J45,1,6)="B.out.","B.in."&MID(J45,7,2),".") -> . | N45: =IF(MID(O45,1,3)="CH.",$E45,"") | P45: =IF(MID(O45,1,3)="CH.",VALUE(MID(O45,4,2))+0,".") -> . | R45: =IF(MID(O45,1,6)="C.out.","C.in."&MID(O45,7,2),".") -> . | S45: =IF(MID(T45,1,3)="CH.",$E45,"") | U45: =IF(MID(T45,1,3)="CH.",VALUE(MID(T45,4,2))+48,".") -> .
A46: in | D46: dl16.1.in.01 | F46: =">" -> > | G46: A.in.01 | H46: =IF(MID(J46,1,3)="CH.",$E46,"") | K46: =IF(MID(J46,1,3)="CH.",VALUE(MID(J46,4,2))+96,".") -> . | M46: =IF(MID(J46,1,6)="B.out.","B.in."&MID(J46,7,2),".") -> . | N46: =IF(MID(O46,1,3)="CH.",$E46,"") | P46: =IF(MID(O46,1,3)="CH.",VALUE(MID(O46,4,2))+0,".") -> . | R46: =IF(MID(O46,1,6)="C.out.","C.in."&MID(O46,7,2),".") -> . | S46: =IF(MID(T46,1,3)="CH.",$E46,"") | U46: =IF(MID(T46,1,3)="CH.",VALUE(MID(T46,4,2))+48,".") -> .
A47: in | D47: dl16.1.in.02 | F47: =">" -> > | G47: A.in.02 | H47: =IF(MID(J47,1,3)="CH.",$E47,"") | K47: =IF(MID(J47,1,3)="CH.",VALUE(MID(J47,4,2))+96,".") -> . | M47: =IF(MID(J47,1,6)="B.out.","B.in."&MID(J47,7,2),".") -> . | N47: =IF(MID(O47,1,3)="CH.",$E47,"") | P47: =IF(MID(O47,1,3)="CH.",VALUE(MID(O47,4,2))+0,".") -> . | R47: =IF(MID(O47,1,6)="C.out.","C.in."&MID(O47,7,2),".") -> . | S47: =IF(MID(T47,1,3)="CH.",$E47,"") | U47: =IF(MID(T47,1,3)="CH.",VALUE(MID(T47,4,2))+48,".") -> .
A48: in | B48: DI | C48: cable | D48: dl16.1.in.03 | E48: BG | F48: =">" -> > | G48: A.in.03 | H48: =IF(MID(J48,1,3)="CH.",$E48,"") | J48: B.out.08 | K48: =IF(MID(J48,1,3)="CH.",VALUE(MID(J48,4,2))+96,".") -> . | M48: =IF(MID(J48,1,6)="B.out.","B.in."&MID(J48,7,2),".") -> B.in.08 | N48: =IF(MID(O48,1,3)="CH.",$E48,"") | O48: C.out.01 | P48: =IF(MID(O48,1,3)="CH.",VALUE(MID(O48,4,2))+0,".") -> . | R48: =IF(MID(O48,1,6)="C.out.","C.in."&MID(O48,7,2),".") -> C.in.01 | S48: =IF(MID(T48,1,3)="CH.",$E48,"") -> BG | T48: CH.03 | U48: =IF(MID(T48,1,3)="CH.",VALUE(MID(T48,4,2))+48,".") -> 51
A49: in | B49: SM57 | C49: cable | D49: dl16.1.in.04 | E49: EG | F49: =">" -> > | G49: A.in.04 | H49: =IF(MID(J49,1,3)="CH.",$E49,"") | J49: B.out.09 | K49: =IF(MID(J49,1,3)="CH.",VALUE(MID(J49,4,2))+96,".") -> . | M49: =IF(MID(J49,1,6)="B.out.","B.in."&MID(J49,7,2),".") -> B.in.09 | N49: =IF(MID(O49,1,3)="CH.",$E49,"") | O49: C.out.02 | P49: =IF(MID(O49,1,3)="CH.",VALUE(MID(O49,4,2))+0,".") -> . | R49: =IF(MID(O49,1,6)="C.out.","C.in."&MID(O49,7,2),".") -> C.in.02 | S49: =IF(MID(T49,1,3)="CH.",$E49,"") -> EG | T49: CH.04 | U49: =IF(MID(T49,1,3)="CH.",VALUE(MID(T49,4,2))+48,".") -> 52
A50: in | D50: dl16.1.in.05 | F50: =">" -> > | G50: A.in.05 | H50: =IF(MID(J50,1,3)="CH.",$E50,"") | K50: =IF(MID(J50,1,3)="CH.",VALUE(MID(J50,4,2))+96,".") -> . | M50: =IF(MID(J50,1,6)="B.out.","B.in."&MID(J50,7,2),".") -> . | N50: =IF(MID(O50,1,3)="CH.",$E50,"") | P50: =IF(MID(O50,1,3)="CH.",VALUE(MID(O50,4,2))+0,".") -> . | R50: =IF(MID(O50,1,6)="C.out.","C.in."&MID(O50,7,2),".") -> . | S50: =IF(MID(T50,1,3)="CH.",$E50,"") | U50: =IF(MID(T50,1,3)="CH.",VALUE(MID(T50,4,2))+48,".") -> .
A51: in | B51: DI | C51: cable | D51: dl16.1.in.06 | E51: AG | F51: =">" -> > | G51: A.in.06 | H51: =IF(MID(J51,1,3)="CH.",$E51,"") | J51: B.out.10 | K51: =IF(MID(J51,1,3)="CH.",VALUE(MID(J51,4,2))+96,".") -> . | M51: =IF(MID(J51,1,6)="B.out.","B.in."&MID(J51,7,2),".") -> B.in.10 | N51: =IF(MID(O51,1,3)="CH.",$E51,"") | O51: C.out.03 | P51: =IF(MID(O51,1,3)="CH.",VALUE(MID(O51,4,2))+0,".") -> . | R51: =IF(MID(O51,1,6)="C.out.","C.in."&MID(O51,7,2),".") -> C.in.03 | S51: =IF(MID(T51,1,3)="CH.",$E51,"") -> AG | T51: CH.05 | U51: =IF(MID(T51,1,3)="CH.",VALUE(MID(T51,4,2))+48,".") -> 53
A52: in | D52: dl16.1.in.07 | E52: Kick | F52: =">" -> > | G52: A.in.07 | H52: =IF(MID(J52,1,3)="CH.",$E52,"") | J52: B.out.11 | K52: =IF(MID(J52,1,3)="CH.",VALUE(MID(J52,4,2))+96,".") -> . | M52: =IF(MID(J52,1,6)="B.out.","B.in."&MID(J52,7,2),".") -> B.in.11 | N52: =IF(MID(O52,1,3)="CH.",$E52,"") | O52: C.out.04 | P52: =IF(MID(O52,1,3)="CH.",VALUE(MID(O52,4,2))+0,".") -> . | R52: =IF(MID(O52,1,6)="C.out.","C.in."&MID(O52,7,2),".") -> C.in.04 | S52: =IF(MID(T52,1,3)="CH.",$E52,"") -> Kick | T52: CH.06 | U52: =IF(MID(T52,1,3)="CH.",VALUE(MID(T52,4,2))+48,".") -> 54
A53: in | D53: dl16.1.in.08 | E53: Snare | F53: =">" -> > | G53: A.in.08 | H53: =IF(MID(J53,1,3)="CH.",$E53,"") | J53: B.out.12 | K53: =IF(MID(J53,1,3)="CH.",VALUE(MID(J53,4,2))+96,".") -> . | M53: =IF(MID(J53,1,6)="B.out.","B.in."&MID(J53,7,2),".") -> B.in.12 | N53: =IF(MID(O53,1,3)="CH.",$E53,"") | O53: C.out.05 | P53: =IF(MID(O53,1,3)="CH.",VALUE(MID(O53,4,2))+0,".") -> . | R53: =IF(MID(O53,1,6)="C.out.","C.in."&MID(O53,7,2),".") -> C.in.05 | S53: =IF(MID(T53,1,3)="CH.",$E53,"") -> Snare | T53: CH.07 | U53: =IF(MID(T53,1,3)="CH.",VALUE(MID(T53,4,2))+48,".") -> 55
A54: in | D54: dl16.1.in.09 | E54: OHL | F54: =">" -> > | G54: A.in.09 | H54: =IF(MID(J54,1,3)="CH.",$E54,"") | J54: B.out.13 | K54: =IF(MID(J54,1,3)="CH.",VALUE(MID(J54,4,2))+96,".") -> . | M54: =IF(MID(J54,1,6)="B.out.","B.in."&MID(J54,7,2),".") -> B.in.13 | N54: =IF(MID(O54,1,3)="CH.",$E54,"") | O54: C.out.06 | P54: =IF(MID(O54,1,3)="CH.",VALUE(MID(O54,4,2))+0,".") -> . | R54: =IF(MID(O54,1,6)="C.out.","C.in."&MID(O54,7,2),".") -> C.in.06 | S54: =IF(MID(T54,1,3)="CH.",$E54,"") -> OHL | T54: CH.08 | U54: =IF(MID(T54,1,3)="CH.",VALUE(MID(T54,4,2))+48,".") -> 56
A55: in | D55: dl16.1.in.10 | E55: OHR | F55: =">" -> > | G55: A.in.10 | H55: =IF(MID(J55,1,3)="CH.",$E55,"") | J55: B.out.14 | K55: =IF(MID(J55,1,3)="CH.",VALUE(MID(J55,4,2))+96,".") -> . | M55: =IF(MID(J55,1,6)="B.out.","B.in."&MID(J55,7,2),".") -> B.in.14 | N55: =IF(MID(O55,1,3)="CH.",$E55,"") | O55: C.out.07 | P55: =IF(MID(O55,1,3)="CH.",VALUE(MID(O55,4,2))+0,".") -> . | R55: =IF(MID(O55,1,6)="C.out.","C.in."&MID(O55,7,2),".") -> C.in.07 | S55: =IF(MID(T55,1,3)="CH.",$E55,"") -> OHR | T55: CH.09 | U55: =IF(MID(T55,1,3)="CH.",VALUE(MID(T55,4,2))+48,".") -> 57
A56: in | B56: SEN.hh.01 | D56: dl16.1.in.11 | E56: HH or Skit | F56: =">" -> > | G56: A.in.11 | H56: =IF(MID(J56,1,3)="CH.",$E56,"") | J56: B.out.15 | K56: =IF(MID(J56,1,3)="CH.",VALUE(MID(J56,4,2))+96,".") -> . | M56: =IF(MID(J56,1,6)="B.out.","B.in."&MID(J56,7,2),".") -> B.in.15 | N56: =IF(MID(O56,1,3)="CH.",$E56,"") -> HH or Skit | O56: CH.13 | P56: =IF(MID(O56,1,3)="CH.",VALUE(MID(O56,4,2))+0,".") -> 13 | R56: =IF(MID(O56,1,6)="C.out.","C.in."&MID(O56,7,2),".") -> . | S56: =IF(MID(T56,1,3)="CH.",$E56,"") | U56: =IF(MID(T56,1,3)="CH.",VALUE(MID(T56,4,2))+48,".") -> .
A57: in | B57: SEN.hh.02 | D57: dl16.1.in.12 | E57: HH or Skit | F57: =">" -> > | G57: A.in.12 | H57: =IF(MID(J57,1,3)="CH.",$E57,"") | J57: B.out.16 | K57: =IF(MID(J57,1,3)="CH.",VALUE(MID(J57,4,2))+96,".") -> . | M57: =IF(MID(J57,1,6)="B.out.","B.in."&MID(J57,7,2),".") -> B.in.16 | N57: =IF(MID(O57,1,3)="CH.",$E57,"") -> HH or Skit | O57: CH.14 | P57: =IF(MID(O57,1,3)="CH.",VALUE(MID(O57,4,2))+0,".") -> 14 | R57: =IF(MID(O57,1,6)="C.out.","C.in."&MID(O57,7,2),".") -> . | S57: =IF(MID(T57,1,3)="CH.",$E57,"") | U57: =IF(MID(T57,1,3)="CH.",VALUE(MID(T57,4,2))+48,".") -> .
A58: in | B58: SEN.hh.03 | D58: dl16.1.in.13 | E58: HH or Skit | F58: =">" -> > | G58: A.in.13 | H58: =IF(MID(J58,1,3)="CH.",$E58,"") | J58: B.out.17 | K58: =IF(MID(J58,1,3)="CH.",VALUE(MID(J58,4,2))+96,".") -> . | M58: =IF(MID(J58,1,6)="B.out.","B.in."&MID(J58,7,2),".") -> B.in.17 | N58: =IF(MID(O58,1,3)="CH.",$E58,"") -> HH or Skit | O58: CH.15 | P58: =IF(MID(O58,1,3)="CH.",VALUE(MID(O58,4,2))+0,".") -> 15 | R58: =IF(MID(O58,1,6)="C.out.","C.in."&MID(O58,7,2),".") -> . | S58: =IF(MID(T58,1,3)="CH.",$E58,"") | U58: =IF(MID(T58,1,3)="CH.",VALUE(MID(T58,4,2))+48,".") -> .
A59: in | B59: SEN.hh.04 | D59: dl16.1.in.14 | E59: HH or Skit | F59: =">" -> > | G59: A.in.14 | H59: =IF(MID(J59,1,3)="CH.",$E59,"") | J59: B.out.18 | K59: =IF(MID(J59,1,3)="CH.",VALUE(MID(J59,4,2))+96,".") -> . | M59: =IF(MID(J59,1,6)="B.out.","B.in."&MID(J59,7,2),".") -> B.in.18 | N59: =IF(MID(O59,1,3)="CH.",$E59,"") -> HH or Skit | O59: CH.16 | P59: =IF(MID(O59,1,3)="CH.",VALUE(MID(O59,4,2))+0,".") -> 16 | R59: =IF(MID(O59,1,6)="C.out.","C.in."&MID(O59,7,2),".") -> . | S59: =IF(MID(T59,1,3)="CH.",$E59,"") | U59: =IF(MID(T59,1,3)="CH.",VALUE(MID(T59,4,2))+48,".") -> .
A60: in | B60: SEN.hh.05 | D60: dl16.1.in.15 | E60: HH or Skit | F60: =">" -> > | G60: A.in.15 | H60: =IF(MID(J60,1,3)="CH.",$E60,"") | J60: B.out.19 | K60: =IF(MID(J60,1,3)="CH.",VALUE(MID(J60,4,2))+96,".") -> . | M60: =IF(MID(J60,1,6)="B.out.","B.in."&MID(J60,7,2),".") -> B.in.19 | N60: =IF(MID(O60,1,3)="CH.",$E60,"") -> HH or Skit | O60: CH.17 | P60: =IF(MID(O60,1,3)="CH.",VALUE(MID(O60,4,2))+0,".") -> 17 | R60: =IF(MID(O60,1,6)="C.out.","C.in."&MID(O60,7,2),".") -> . | S60: =IF(MID(T60,1,3)="CH.",$E60,"") | U60: =IF(MID(T60,1,3)="CH.",VALUE(MID(T60,4,2))+48,".") -> .
A61: in | D61: dl16.1.in.16 | F61: =">" -> > | G61: A.in.16 | H61: =IF(MID(J61,1,3)="CH.",$E61,"") | K61: =IF(MID(J61,1,3)="CH.",VALUE(MID(J61,4,2))+96,".") -> . | M61: =IF(MID(J61,1,6)="B.out.","B.in."&MID(J61,7,2),".") -> . | N61: =IF(MID(O61,1,3)="CH.",$E61,"") | P61: =IF(MID(O61,1,3)="CH.",VALUE(MID(O61,4,2))+0,".") -> . | R61: =IF(MID(O61,1,6)="C.out.","C.in."&MID(O61,7,2),".") -> . | S61: =IF(MID(T61,1,3)="CH.",$E61,"") | U61: =IF(MID(T61,1,3)="CH.",VALUE(MID(T61,4,2))+48,".") -> .
A62: in | B62: B-5 | C62: cable | D62: dl16.2.in.01 | E62: Choir or Bells.01 | F62: =">" -> > | G62: A.in.17 | H62: =IF(MID(J62,1,3)="CH.",$E62,"") | J62: B.out.20 | K62: =IF(MID(J62,1,3)="CH.",VALUE(MID(J62,4,2))+96,".") -> . | M62: =IF(MID(J62,1,6)="B.out.","B.in."&MID(J62,7,2),".") -> B.in.20 | N62: =IF(MID(O62,1,3)="CH.",$E62,"") -> Choir or Bells.01 | O62: CH.05 | P62: =IF(MID(O62,1,3)="CH.",VALUE(MID(O62,4,2))+0,".") -> 5 | R62: =IF(MID(O62,1,6)="C.out.","C.in."&MID(O62,7,2),".") -> . | S62: =IF(MID(T62,1,3)="CH.",$E62,"") | U62: =IF(MID(T62,1,3)="CH.",VALUE(MID(T62,4,2))+48,".") -> .
A63: in | B63: B-5 | C63: cable | D63: dl16.2.in.02 | E63: Choir or Bells.02 | F63: =">" -> > | G63: A.in.18 | H63: =IF(MID(J63,1,3)="CH.",$E63,"") | J63: B.out.21 | K63: =IF(MID(J63,1,3)="CH.",VALUE(MID(J63,4,2))+96,".") -> . | M63: =IF(MID(J63,1,6)="B.out.","B.in."&MID(J63,7,2),".") -> B.in.21 | N63: =IF(MID(O63,1,3)="CH.",$E63,"") -> Choir or Bells.02 | O63: CH.06 | P63: =IF(MID(O63,1,3)="CH.",VALUE(MID(O63,4,2))+0,".") -> 6 | R63: =IF(MID(O63,1,6)="C.out.","C.in."&MID(O63,7,2),".") -> . | S63: =IF(MID(T63,1,3)="CH.",$E63,"") | U63: =IF(MID(T63,1,3)="CH.",VALUE(MID(T63,4,2))+48,".") -> .
A64: in | B64: B-5 | C64: cable | D64: dl16.2.in.03 | E64: Choir or Bells.03 | F64: =">" -> > | G64: A.in.19 | H64: =IF(MID(J64,1,3)="CH.",$E64,"") | J64: B.out.22 | K64: =IF(MID(J64,1,3)="CH.",VALUE(MID(J64,4,2))+96,".") -> . | M64: =IF(MID(J64,1,6)="B.out.","B.in."&MID(J64,7,2),".") -> B.in.22 | N64: =IF(MID(O64,1,3)="CH.",$E64,"") -> Choir or Bells.03 | O64: CH.07 | P64: =IF(MID(O64,1,3)="CH.",VALUE(MID(O64,4,2))+0,".") -> 7 | R64: =IF(MID(O64,1,6)="C.out.","C.in."&MID(O64,7,2),".") -> . | S64: =IF(MID(T64,1,3)="CH.",$E64,"") | U64: =IF(MID(T64,1,3)="CH.",VALUE(MID(T64,4,2))+48,".") -> .
A65: in | B65: B-5 | C65: cable | D65: dl16.2.in.04 | E65: Choir or Bells.04 | F65: =">" -> > | G65: A.in.20 | H65: =IF(MID(J65,1,3)="CH.",$E65,"") | J65: B.out.23 | K65: =IF(MID(J65,1,3)="CH.",VALUE(MID(J65,4,2))+96,".") -> . | M65: =IF(MID(J65,1,6)="B.out.","B.in."&MID(J65,7,2),".") -> B.in.23 | N65: =IF(MID(O65,1,3)="CH.",$E65,"") -> Choir or Bells.04 | O65: CH.08 | P65: =IF(MID(O65,1,3)="CH.",VALUE(MID(O65,4,2))+0,".") -> 8 | R65: =IF(MID(O65,1,6)="C.out.","C.in."&MID(O65,7,2),".") -> . | S65: =IF(MID(T65,1,3)="CH.",$E65,"") | U65: =IF(MID(T65,1,3)="CH.",VALUE(MID(T65,4,2))+48,".") -> .
A66: in | B66: B-5 | C66: cable | D66: dl16.2.in.05 | E66: Choir or Bells.05 | F66: =">" -> > | G66: A.in.21 | H66: =IF(MID(J66,1,3)="CH.",$E66,"") | J66: B.out.24 | K66: =IF(MID(J66,1,3)="CH.",VALUE(MID(J66,4,2))+96,".") -> . | M66: =IF(MID(J66,1,6)="B.out.","B.in."&MID(J66,7,2),".") -> B.in.24 | N66: =IF(MID(O66,1,3)="CH.",$E66,"") -> Choir or Bells.05 | O66: CH.09 | P66: =IF(MID(O66,1,3)="CH.",VALUE(MID(O66,4,2))+0,".") -> 9 | R66: =IF(MID(O66,1,6)="C.out.","C.in."&MID(O66,7,2),".") -> . | S66: =IF(MID(T66,1,3)="CH.",$E66,"") | U66: =IF(MID(T66,1,3)="CH.",VALUE(MID(T66,4,2))+48,".") -> .
A67: in | B67: B-5 | C67: cable | D67: dl16.2.in.06 | E67: Choir or Bells.06 | F67: =">" -> > | G67: A.in.22 | H67: =IF(MID(J67,1,3)="CH.",$E67,"") | J67: B.out.25 | K67: =IF(MID(J67,1,3)="CH.",VALUE(MID(J67,4,2))+96,".") -> . | M67: =IF(MID(J67,1,6)="B.out.","B.in."&MID(J67,7,2),".") -> B.in.25 | N67: =IF(MID(O67,1,3)="CH.",$E67,"") -> Choir or Bells.06 | O67: CH.10 | P67: =IF(MID(O67,1,3)="CH.",VALUE(MID(O67,4,2))+0,".") -> 10 | R67: =IF(MID(O67,1,6)="C.out.","C.in."&MID(O67,7,2),".") -> . | S67: =IF(MID(T67,1,3)="CH.",$E67,"") | U67: =IF(MID(T67,1,3)="CH.",VALUE(MID(T67,4,2))+48,".") -> .
A68: in | B68: B-5 | C68: cable | D68: dl16.2.in.07 | E68: Choir or Bells.07 | F68: =">" -> > | G68: A.in.23 | H68: =IF(MID(J68,1,3)="CH.",$E68,"") | J68: B.out.26 | K68: =IF(MID(J68,1,3)="CH.",VALUE(MID(J68,4,2))+96,".") -> . | M68: =IF(MID(J68,1,6)="B.out.","B.in."&MID(J68,7,2),".") -> B.in.26 | N68: =IF(MID(O68,1,3)="CH.",$E68,"") -> Choir or Bells.07 | O68: CH.11 | P68: =IF(MID(O68,1,3)="CH.",VALUE(MID(O68,4,2))+0,".") -> 11 | R68: =IF(MID(O68,1,6)="C.out.","C.in."&MID(O68,7,2),".") -> . | S68: =IF(MID(T68,1,3)="CH.",$E68,"") | U68: =IF(MID(T68,1,3)="CH.",VALUE(MID(T68,4,2))+48,".") -> .
A69: in | B69: B-5 | C69: cable | D69: dl16.2.in.08 | E69: Choir or Bells.08 | F69: =">" -> > | G69: A.in.24 | H69: =IF(MID(J69,1,3)="CH.",$E69,"") | J69: B.out.27 | K69: =IF(MID(J69,1,3)="CH.",VALUE(MID(J69,4,2))+96,".") -> . | M69: =IF(MID(J69,1,6)="B.out.","B.in."&MID(J69,7,2),".") -> B.in.27 | N69: =IF(MID(O69,1,3)="CH.",$E69,"") -> Choir or Bells.08 | O69: CH.12 | P69: =IF(MID(O69,1,3)="CH.",VALUE(MID(O69,4,2))+0,".") -> 12 | R69: =IF(MID(O69,1,6)="C.out.","C.in."&MID(O69,7,2),".") -> . | S69: =IF(MID(T69,1,3)="CH.",$E69,"") | U69: =IF(MID(T69,1,3)="CH.",VALUE(MID(T69,4,2))+48,".") -> .
A70: in | B70: DI | C70: cable | D70: dl16.2.in.09 | E70: Piano | F70: =">" -> > | G70: A.in.25 | H70: =IF(MID(J70,1,3)="CH.",$E70,"") | J70: B.out.28 | K70: =IF(MID(J70,1,3)="CH.",VALUE(MID(J70,4,2))+96,".") -> . | M70: =IF(MID(J70,1,6)="B.out.","B.in."&MID(J70,7,2),".") -> B.in.28 | N70: =IF(MID(O70,1,3)="CH.",$E70,"") | O70: C.out.08 | P70: =IF(MID(O70,1,3)="CH.",VALUE(MID(O70,4,2))+0,".") -> . | R70: =IF(MID(O70,1,6)="C.out.","C.in."&MID(O70,7,2),".") -> C.in.08 | S70: =IF(MID(T70,1,3)="CH.",$E70,"") -> Piano | T70: CH.01 | U70: =IF(MID(T70,1,3)="CH.",VALUE(MID(T70,4,2))+48,".") -> 49
A71: in | C71: cable | D71: dl16.2.in.10 | E71: Clarinet | F71: =">" -> > | G71: A.in.26 | H71: =IF(MID(J71,1,3)="CH.",$E71,"") | J71: B.out.29 | K71: =IF(MID(J71,1,3)="CH.",VALUE(MID(J71,4,2))+96,".") -> . | M71: =IF(MID(J71,1,6)="B.out.","B.in."&MID(J71,7,2),".") -> B.in.29 | N71: =IF(MID(O71,1,3)="CH.",$E71,"") | O71: C.out.09 | P71: =IF(MID(O71,1,3)="CH.",VALUE(MID(O71,4,2))+0,".") -> . | R71: =IF(MID(O71,1,6)="C.out.","C.in."&MID(O71,7,2),".") -> C.in.09 | S71: =IF(MID(T71,1,3)="CH.",$E71,"") | U71: =IF(MID(T71,1,3)="CH.",VALUE(MID(T71,4,2))+48,".") -> .
A72: in | C72: cable | D72: dl16.2.in.11 | E72: Oboe | F72: =">" -> > | G72: A.in.27 | H72: =IF(MID(J72,1,3)="CH.",$E72,"") | J72: B.out.30 | K72: =IF(MID(J72,1,3)="CH.",VALUE(MID(J72,4,2))+96,".") -> . | M72: =IF(MID(J72,1,6)="B.out.","B.in."&MID(J72,7,2),".") -> B.in.30 | N72: =IF(MID(O72,1,3)="CH.",$E72,"") | O72: C.out.10 | P72: =IF(MID(O72,1,3)="CH.",VALUE(MID(O72,4,2))+0,".") -> . | R72: =IF(MID(O72,1,6)="C.out.","C.in."&MID(O72,7,2),".") -> C.in.10 | S72: =IF(MID(T72,1,3)="CH.",$E72,"") | U72: =IF(MID(T72,1,3)="CH.",VALUE(MID(T72,4,2))+48,".") -> .
A73: in | C73: cable | D73: dl16.2.in.12 | E73: Flute | F73: =">" -> > | G73: A.in.28 | H73: =IF(MID(J73,1,3)="CH.",$E73,"") | J73: B.out.31 | K73: =IF(MID(J73,1,3)="CH.",VALUE(MID(J73,4,2))+96,".") -> . | M73: =IF(MID(J73,1,6)="B.out.","B.in."&MID(J73,7,2),".") -> B.in.31 | N73: =IF(MID(O73,1,3)="CH.",$E73,"") | O73: C.out.11 | P73: =IF(MID(O73,1,3)="CH.",VALUE(MID(O73,4,2))+0,".") -> . | R73: =IF(MID(O73,1,6)="C.out.","C.in."&MID(O73,7,2),".") -> C.in.11 | S73: =IF(MID(T73,1,3)="CH.",$E73,"") | U73: =IF(MID(T73,1,3)="CH.",VALUE(MID(T73,4,2))+48,".") -> .
A74: in | C74: cable | D74: dl16.2.in.13 | E74: Violin.01 | F74: =">" -> > | G74: A.in.29 | H74: =IF(MID(J74,1,3)="CH.",$E74,"") | J74: B.out.32 | K74: =IF(MID(J74,1,3)="CH.",VALUE(MID(J74,4,2))+96,".") -> . | M74: =IF(MID(J74,1,6)="B.out.","B.in."&MID(J74,7,2),".") -> B.in.32 | N74: =IF(MID(O74,1,3)="CH.",$E74,"") | O74: C.out.12 | P74: =IF(MID(O74,1,3)="CH.",VALUE(MID(O74,4,2))+0,".") -> . | R74: =IF(MID(O74,1,6)="C.out.","C.in."&MID(O74,7,2),".") -> C.in.12 | S74: =IF(MID(T74,1,3)="CH.",$E74,"") | U74: =IF(MID(T74,1,3)="CH.",VALUE(MID(T74,4,2))+48,".") -> .
A75: in | C75: cable | D75: dl16.2.in.14 | E75: Violin.02 | F75: =">" -> > | G75: A.in.30 | H75: =IF(MID(J75,1,3)="CH.",$E75,"") | J75: B.out.33 | K75: =IF(MID(J75,1,3)="CH.",VALUE(MID(J75,4,2))+96,".") -> . | M75: =IF(MID(J75,1,6)="B.out.","B.in."&MID(J75,7,2),".") -> B.in.33 | N75: =IF(MID(O75,1,3)="CH.",$E75,"") | O75: C.out.13 | P75: =IF(MID(O75,1,3)="CH.",VALUE(MID(O75,4,2))+0,".") -> . | R75: =IF(MID(O75,1,6)="C.out.","C.in."&MID(O75,7,2),".") -> C.in.13 | S75: =IF(MID(T75,1,3)="CH.",$E75,"") | U75: =IF(MID(T75,1,3)="CH.",VALUE(MID(T75,4,2))+48,".") -> .
A76: in | C76: cable | D76: dl16.2.in.15 | E76: Viola | F76: =">" -> > | G76: A.in.31 | H76: =IF(MID(J76,1,3)="CH.",$E76,"") | J76: B.out.34 | K76: =IF(MID(J76,1,3)="CH.",VALUE(MID(J76,4,2))+96,".") -> . | M76: =IF(MID(J76,1,6)="B.out.","B.in."&MID(J76,7,2),".") -> B.in.34 | N76: =IF(MID(O76,1,3)="CH.",$E76,"") | O76: C.out.14 | P76: =IF(MID(O76,1,3)="CH.",VALUE(MID(O76,4,2))+0,".") -> . | R76: =IF(MID(O76,1,6)="C.out.","C.in."&MID(O76,7,2),".") -> C.in.14 | S76: =IF(MID(T76,1,3)="CH.",$E76,"") | U76: =IF(MID(T76,1,3)="CH.",VALUE(MID(T76,4,2))+48,".") -> .
A77: in | C77: cable | D77: dl16.2.in.16 | E77: avail to vocals | F77: =">" -> > | G77: A.in.32 | H77: =IF(MID(J77,1,3)="CH.",$E77,"") | J77: B.out.35 | K77: =IF(MID(J77,1,3)="CH.",VALUE(MID(J77,4,2))+96,".") -> . | M77: =IF(MID(J77,1,6)="B.out.","B.in."&MID(J77,7,2),".") -> B.in.35 | N77: =IF(MID(O77,1,3)="CH.",$E77,"") -> avail to vocals | O77: CH.25 | P77: =IF(MID(O77,1,3)="CH.",VALUE(MID(O77,4,2))+0,".") -> 25 | R77: =IF(MID(O77,1,6)="C.out.","C.in."&MID(O77,7,2),".") -> . | S77: =IF(MID(T77,1,3)="CH.",$E77,"") | U77: =IF(MID(T77,1,3)="CH.",VALUE(MID(T77,4,2))+48,".") -> .
A78: in | C78: cable | D78: dl16.3.in.01 | E78: Cello.01 | F78: =">" -> > | G78: A.in.33 | H78: =IF(MID(J78,1,3)="CH.",$E78,"") | J78: B.out.36 | K78: =IF(MID(J78,1,3)="CH.",VALUE(MID(J78,4,2))+96,".") -> . | M78: =IF(MID(J78,1,6)="B.out.","B.in."&MID(J78,7,2),".") -> B.in.36 | N78: =IF(MID(O78,1,3)="CH.",$E78,"") | O78: C.out.15 | P78: =IF(MID(O78,1,3)="CH.",VALUE(MID(O78,4,2))+0,".") -> . | R78: =IF(MID(O78,1,6)="C.out.","C.in."&MID(O78,7,2),".") -> C.in.15 | S78: =IF(MID(T78,1,3)="CH.",$E78,"") | U78: =IF(MID(T78,1,3)="CH.",VALUE(MID(T78,4,2))+48,".") -> .
A79: in | C79: cable | D79: dl16.3.in.02 | E79: Cello.02 | F79: =">" -> > | G79: A.in.34 | H79: =IF(MID(J79,1,3)="CH.",$E79,"") | J79: B.out.37 | K79: =IF(MID(J79,1,3)="CH.",VALUE(MID(J79,4,2))+96,".") -> . | M79: =IF(MID(J79,1,6)="B.out.","B.in."&MID(J79,7,2),".") -> B.in.37 | N79: =IF(MID(O79,1,3)="CH.",$E79,"") | O79: C.out.16 | P79: =IF(MID(O79,1,3)="CH.",VALUE(MID(O79,4,2))+0,".") -> . | R79: =IF(MID(O79,1,6)="C.out.","C.in."&MID(O79,7,2),".") -> C.in.16 | S79: =IF(MID(T79,1,3)="CH.",$E79,"") | U79: =IF(MID(T79,1,3)="CH.",VALUE(MID(T79,4,2))+48,".") -> .
A80: in | B80: SM58 | C80: cable | D80: dl16.3.in.03 | E80: Horn.01 | F80: =">" -> > | G80: A.in.35 | H80: =IF(MID(J80,1,3)="CH.",$E80,"") | J80: B.out.38 | K80: =IF(MID(J80,1,3)="CH.",VALUE(MID(J80,4,2))+96,".") -> . | M80: =IF(MID(J80,1,6)="B.out.","B.in."&MID(J80,7,2),".") -> B.in.38 | N80: =IF(MID(O80,1,3)="CH.",$E80,"") | O80: C.out.17 | P80: =IF(MID(O80,1,3)="CH.",VALUE(MID(O80,4,2))+0,".") -> . | R80: =IF(MID(O80,1,6)="C.out.","C.in."&MID(O80,7,2),".") -> C.in.17 | S80: =IF(MID(T80,1,3)="CH.",$E80,"") | U80: =IF(MID(T80,1,3)="CH.",VALUE(MID(T80,4,2))+48,".") -> .
A81: in | B81: SM58 | C81: cable | D81: dl16.3.in.04 | E81: Horn.02 | F81: =">" -> > | G81: A.in.36 | H81: =IF(MID(J81,1,3)="CH.",$E81,"") | J81: B.out.39 | K81: =IF(MID(J81,1,3)="CH.",VALUE(MID(J81,4,2))+96,".") -> . | M81: =IF(MID(J81,1,6)="B.out.","B.in."&MID(J81,7,2),".") -> B.in.39 | N81: =IF(MID(O81,1,3)="CH.",$E81,"") | O81: C.out.18 | P81: =IF(MID(O81,1,3)="CH.",VALUE(MID(O81,4,2))+0,".") -> . | R81: =IF(MID(O81,1,6)="C.out.","C.in."&MID(O81,7,2),".") -> C.in.18 | S81: =IF(MID(T81,1,3)="CH.",$E81,"") | U81: =IF(MID(T81,1,3)="CH.",VALUE(MID(T81,4,2))+48,".") -> .
A82: in | B82: SM58 | C82: cable | D82: dl16.3.in.05 | E82: Bone.01 | F82: =">" -> > | G82: A.in.37 | H82: =IF(MID(J82,1,3)="CH.",$E82,"") | J82: B.out.40 | K82: =IF(MID(J82,1,3)="CH.",VALUE(MID(J82,4,2))+96,".") -> . | M82: =IF(MID(J82,1,6)="B.out.","B.in."&MID(J82,7,2),".") -> B.in.40 | N82: =IF(MID(O82,1,3)="CH.",$E82,"") | O82: C.out.19 | P82: =IF(MID(O82,1,3)="CH.",VALUE(MID(O82,4,2))+0,".") -> . | R82: =IF(MID(O82,1,6)="C.out.","C.in."&MID(O82,7,2),".") -> C.in.19 | S82: =IF(MID(T82,1,3)="CH.",$E82,"") | U82: =IF(MID(T82,1,3)="CH.",VALUE(MID(T82,4,2))+48,".") -> .
A83: in | B83: SM58 | C83: cable | D83: dl16.3.in.06 | E83: Bone.02 | F83: =">" -> > | G83: A.in.38 | H83: =IF(MID(J83,1,3)="CH.",$E83,"") | J83: B.out.41 | K83: =IF(MID(J83,1,3)="CH.",VALUE(MID(J83,4,2))+96,".") -> . | M83: =IF(MID(J83,1,6)="B.out.","B.in."&MID(J83,7,2),".") -> B.in.41 | N83: =IF(MID(O83,1,3)="CH.",$E83,"") | O83: C.out.20 | P83: =IF(MID(O83,1,3)="CH.",VALUE(MID(O83,4,2))+0,".") -> . | R83: =IF(MID(O83,1,6)="C.out.","C.in."&MID(O83,7,2),".") -> C.in.20 | S83: =IF(MID(T83,1,3)="CH.",$E83,"") | U83: =IF(MID(T83,1,3)="CH.",VALUE(MID(T83,4,2))+48,".") -> .
A84: in | B84: SM58 | C84: cable | D84: dl16.3.in.07 | E84: Trumpet.01 | F84: =">" -> > | G84: A.in.39 | H84: =IF(MID(J84,1,3)="CH.",$E84,"") | J84: B.out.42 | K84: =IF(MID(J84,1,3)="CH.",VALUE(MID(J84,4,2))+96,".") -> . | M84: =IF(MID(J84,1,6)="B.out.","B.in."&MID(J84,7,2),".") -> B.in.42 | N84: =IF(MID(O84,1,3)="CH.",$E84,"") | O84: C.out.21 | P84: =IF(MID(O84,1,3)="CH.",VALUE(MID(O84,4,2))+0,".") -> . | R84: =IF(MID(O84,1,6)="C.out.","C.in."&MID(O84,7,2),".") -> C.in.21 | S84: =IF(MID(T84,1,3)="CH.",$E84,"") | U84: =IF(MID(T84,1,3)="CH.",VALUE(MID(T84,4,2))+48,".") -> .
A85: in | B85: SM58 | C85: cable | D85: dl16.3.in.08 | E85: Trumpet.02 | F85: =">" -> > | G85: A.in.40 | H85: =IF(MID(J85,1,3)="CH.",$E85,"") | J85: B.out.43 | K85: =IF(MID(J85,1,3)="CH.",VALUE(MID(J85,4,2))+96,".") -> . | M85: =IF(MID(J85,1,6)="B.out.","B.in."&MID(J85,7,2),".") -> B.in.43 | N85: =IF(MID(O85,1,3)="CH.",$E85,"") | O85: C.out.22 | P85: =IF(MID(O85,1,3)="CH.",VALUE(MID(O85,4,2))+0,".") -> . | R85: =IF(MID(O85,1,6)="C.out.","C.in."&MID(O85,7,2),".") -> C.in.22 | S85: =IF(MID(T85,1,3)="CH.",$E85,"") | U85: =IF(MID(T85,1,3)="CH.",VALUE(MID(T85,4,2))+48,".") -> .
A86: in | D86: dl16.3.in.09 | F86: =">" -> > | G86: A.in.41 | H86: =IF(MID(J86,1,3)="CH.",$E86,"") | K86: =IF(MID(J86,1,3)="CH.",VALUE(MID(J86,4,2))+96,".") -> . | M86: =IF(MID(J86,1,6)="B.out.","B.in."&MID(J86,7,2),".") -> . | N86: =IF(MID(O86,1,3)="CH.",$E86,"") | P86: =IF(MID(O86,1,3)="CH.",VALUE(MID(O86,4,2))+0,".") -> . | R86: =IF(MID(O86,1,6)="C.out.","C.in."&MID(O86,7,2),".") -> . | S86: =IF(MID(T86,1,3)="CH.",$E86,"") | U86: =IF(MID(T86,1,3)="CH.",VALUE(MID(T86,4,2))+48,".") -> .
A87: in | D87: dl16.3.in.10 | F87: =">" -> > | G87: A.in.42 | H87: =IF(MID(J87,1,3)="CH.",$E87,"") | K87: =IF(MID(J87,1,3)="CH.",VALUE(MID(J87,4,2))+96,".") -> . | M87: =IF(MID(J87,1,6)="B.out.","B.in."&MID(J87,7,2),".") -> . | N87: =IF(MID(O87,1,3)="CH.",$E87,"") | P87: =IF(MID(O87,1,3)="CH.",VALUE(MID(O87,4,2))+0,".") -> . | R87: =IF(MID(O87,1,6)="C.out.","C.in."&MID(O87,7,2),".") -> . | S87: =IF(MID(T87,1,3)="CH.",$E87,"") | U87: =IF(MID(T87,1,3)="CH.",VALUE(MID(T87,4,2))+48,".") -> .
A88: in | D88: dl16.3.in.11 | F88: =">" -> > | G88: A.in.43 | H88: =IF(MID(J88,1,3)="CH.",$E88,"") | K88: =IF(MID(J88,1,3)="CH.",VALUE(MID(J88,4,2))+96,".") -> . | M88: =IF(MID(J88,1,6)="B.out.","B.in."&MID(J88,7,2),".") -> . | N88: =IF(MID(O88,1,3)="CH.",$E88,"") | P88: =IF(MID(O88,1,3)="CH.",VALUE(MID(O88,4,2))+0,".") -> . | R88: =IF(MID(O88,1,6)="C.out.","C.in."&MID(O88,7,2),".") -> . | S88: =IF(MID(T88,1,3)="CH.",$E88,"") | U88: =IF(MID(T88,1,3)="CH.",VALUE(MID(T88,4,2))+48,".") -> .
A89: in | D89: dl16.3.in.12 | F89: =">" -> > | G89: A.in.44 | H89: =IF(MID(J89,1,3)="CH.",$E89,"") | K89: =IF(MID(J89,1,3)="CH.",VALUE(MID(J89,4,2))+96,".") -> . | M89: =IF(MID(J89,1,6)="B.out.","B.in."&MID(J89,7,2),".") -> . | N89: =IF(MID(O89,1,3)="CH.",$E89,"") | P89: =IF(MID(O89,1,3)="CH.",VALUE(MID(O89,4,2))+0,".") -> . | R89: =IF(MID(O89,1,6)="C.out.","C.in."&MID(O89,7,2),".") -> . | S89: =IF(MID(T89,1,3)="CH.",$E89,"") | U89: =IF(MID(T89,1,3)="CH.",VALUE(MID(T89,4,2))+48,".") -> .
A90: in | D90: dl16.3.in.13 | F90: =">" -> > | G90: A.in.45 | H90: =IF(MID(J90,1,3)="CH.",$E90,"") | K90: =IF(MID(J90,1,3)="CH.",VALUE(MID(J90,4,2))+96,".") -> . | M90: =IF(MID(J90,1,6)="B.out.","B.in."&MID(J90,7,2),".") -> . | N90: =IF(MID(O90,1,3)="CH.",$E90,"") | P90: =IF(MID(O90,1,3)="CH.",VALUE(MID(O90,4,2))+0,".") -> . | R90: =IF(MID(O90,1,6)="C.out.","C.in."&MID(O90,7,2),".") -> . | S90: =IF(MID(T90,1,3)="CH.",$E90,"") | U90: =IF(MID(T90,1,3)="CH.",VALUE(MID(T90,4,2))+48,".") -> .
A91: in | D91: dl16.3.in.14 | F91: =">" -> > | G91: A.in.46 | H91: =IF(MID(J91,1,3)="CH.",$E91,"") | K91: =IF(MID(J91,1,3)="CH.",VALUE(MID(J91,4,2))+96,".") -> . | M91: =IF(MID(J91,1,6)="B.out.","B.in."&MID(J91,7,2),".") -> . | N91: =IF(MID(O91,1,3)="CH.",$E91,"") | P91: =IF(MID(O91,1,3)="CH.",VALUE(MID(O91,4,2))+0,".") -> . | R91: =IF(MID(O91,1,6)="C.out.","C.in."&MID(O91,7,2),".") -> . | S91: =IF(MID(T91,1,3)="CH.",$E91,"") | U91: =IF(MID(T91,1,3)="CH.",VALUE(MID(T91,4,2))+48,".") -> .
A92: in | D92: dl16.3.in.15 | F92: =">" -> > | G92: A.in.47 | H92: =IF(MID(J92,1,3)="CH.",$E92,"") | K92: =IF(MID(J92,1,3)="CH.",VALUE(MID(J92,4,2))+96,".") -> . | M92: =IF(MID(J92,1,6)="B.out.","B.in."&MID(J92,7,2),".") -> . | N92: =IF(MID(O92,1,3)="CH.",$E92,"") | P92: =IF(MID(O92,1,3)="CH.",VALUE(MID(O92,4,2))+0,".") -> . | R92: =IF(MID(O92,1,6)="C.out.","C.in."&MID(O92,7,2),".") -> . | S92: =IF(MID(T92,1,3)="CH.",$E92,"") | U92: =IF(MID(T92,1,3)="CH.",VALUE(MID(T92,4,2))+48,".") -> .
A93: in | D93: dl16.3.in.16 | F93: =">" -> > | G93: A.in.48 | H93: =IF(MID(J93,1,3)="CH.",$E93,"") | K93: =IF(MID(J93,1,3)="CH.",VALUE(MID(J93,4,2))+96,".") -> . | M93: =IF(MID(J93,1,6)="B.out.","B.in."&MID(J93,7,2),".") -> . | N93: =IF(MID(O93,1,3)="CH.",$E93,"") | P93: =IF(MID(O93,1,3)="CH.",VALUE(MID(O93,4,2))+0,".") -> . | R93: =IF(MID(O93,1,6)="C.out.","C.in."&MID(O93,7,2),".") -> . | S93: =IF(MID(T93,1,3)="CH.",$E93,"") | U93: =IF(MID(T93,1,3)="CH.",VALUE(MID(T93,4,2))+48,".") -> .
A94: in | C94: sls.13 | D94: hs.16 | F94: =">" -> > | H94: =IF(MID(J94,1,3)="CH.",$E94,"") | N94: =IF(MID(O94,1,3)="CH.",$E94,"") | S94: =IF(MID(T94,1,3)="CH.",$E94,"")
A95: in | C95: sls.14 | D95: hs.17 | F95: =">" -> > | H95: =IF(MID(J95,1,3)="CH.",$E95,"") | N95: =IF(MID(O95,1,3)="CH.",$E95,"") | S95: =IF(MID(T95,1,3)="CH.",$E95,"")
A96: in | C96: sls.15 | D96: hs.30 | F96: =">" -> > | H96: =IF(MID(J96,1,3)="CH.",$E96,"") | N96: =IF(MID(O96,1,3)="CH.",$E96,"") | S96: =IF(MID(T96,1,3)="CH.",$E96,"")
A97: in | F97: =">" -> > | H97: =IF(MID(J97,1,3)="CH.",$E97,"") | M97: L.in.01 | N97: =IF(MID(O97,1,3)="CH.",$E97,"") | S97: =IF(MID(T97,1,3)="CH.",$E97,"") | U97: =IF(MID(T97,1,3)="CH.",VALUE(MID(T97,4,2))+48,".") -> .
A98: in | F98: =">" -> > | H98: =IF(MID(J98,1,3)="CH.",$E98,"") | M98: L.in.02 | N98: =IF(MID(O98,1,3)="CH.",$E98,"") | P98: =IF(MID(O98,1,3)="CH.",VALUE(MID(O98,4,2))+0,".") -> . | S98: =IF(MID(T98,1,3)="CH.",$E98,"") | U98: =IF(MID(T98,1,3)="CH.",VALUE(MID(T98,4,2))+48,".") -> .
A99: in | F99: =">" -> > | H99: =IF(MID(J99,1,3)="CH.",$E99,"") | M99: L.in.03 | N99: =IF(MID(O99,1,3)="CH.",$E99,"") | P99: =IF(MID(O99,1,3)="CH.",VALUE(MID(O99,4,2))+0,".") -> . | S99: =IF(MID(T99,1,3)="CH.",$E99,"") | U99: =IF(MID(T99,1,3)="CH.",VALUE(MID(T99,4,2))+48,".") -> .
A100: in | F100: =">" -> > | H100: =IF(MID(J100,1,3)="CH.",$E100,"") | M100: L.in.04 | N100: =IF(MID(O100,1,3)="CH.",$E100,"") | P100: =IF(MID(O100,1,3)="CH.",VALUE(MID(O100,4,2))+0,".") -> . | S100: =IF(MID(T100,1,3)="CH.",$E100,"") | U100: =IF(MID(T100,1,3)="CH.",VALUE(MID(T100,4,2))+48,".") -> .
...

Sheet By Chan
A1: BOARD SPOT | B1: GENERAL PLAN | D1: NAME | E1: START
A2: X1.CH.01 | B2: g1 Pr Jeff | C2: usrin.01 | D2: Pr Jeff | E2: =_xlfn.XLOOKUP($D2,REFS!$B$2:$B$187,REFS!$F$2:$F$187,"-") -> cmx.L.in.01
A3: X1.CH.02 | B3: g1 Vicar | C3: usrin.02 | D3: Vicar | E3: =_xlfn.XLOOKUP($D3,REFS!$B$2:$B$187,REFS!$F$2:$F$187,"-") -> cmx.L.in.02
A4: X1.CH.03 | B4: g1 Pr Paul | C4: usrin.03 | D4: Pr Paul | E4: =_xlfn.XLOOKUP($D4,REFS!$B$2:$B$187,REFS!$F$2:$F$187,"-") -> cmx.L.in.03
A5: X1.CH.04 | B5: g1 Kenzie | C5: usrin.04 | D5: Kenzie | E5: =_xlfn.XLOOKUP($D5,REFS!$B$2:$B$187,REFS!$F$2:$F$187,"-") -> cmx.L.in.04
A6: X1.CH.05 | B6: g1 Gst 1 | C6: usrin.05 | D6: Gst 1 | E6: =_xlfn.XLOOKUP($D6,REFS!$B$2:$B$187,REFS!$F$2:$F$187,"-") -> cmx.L.in.05
A7: X1.CH.06 | B7: g1 Gst 2 | C7: usrin.06 | D7: Gst 2 | E7: =_xlfn.XLOOKUP($D7,REFS!$B$2:$B$187,REFS!$F$2:$F$187,"-") -> cmx.L.in.06
A8: X1.CH.07 | B8: g1 Gst 3 | C8: usrin.07 | D8: Gst 3 | E8: =_xlfn.XLOOKUP($D8,REFS!$B$2:$B$187,REFS!$F$2:$F$187,"-") -> cmx.L.in.07
A9: X1.CH.08 | B9: g1 Altar HH | C9: usrin.08 | D9: Altar HH | E9: =_xlfn.XLOOKUP($D9,REFS!$B$2:$B$187,REFS!$F$2:$F$187,"-") -> cmx.L.in.11
A10: X1.CH.09 | C10: usrin.09 | D10: x | E10: =_xlfn.XLOOKUP($D10,REFS!$B$2:$B$187,REFS!$F$2:$F$187,"-") -> -
A11: X1.CH.10 | C11: usrin.10 | D11: x | E11: =_xlfn.XLOOKUP($D11,REFS!$B$2:$B$187,REFS!$F$2:$F$187,"-") -> -
A12: X1.CH.11 | C12: usrin.11 | D12: x | E12: =_xlfn.XLOOKUP($D12,REFS!$B$2:$B$187,REFS!$F$2:$F$187,"-") -> -
A13: X1.CH.12 | C13: usrin.12 | D13: x | E13: =_xlfn.XLOOKUP($D13,REFS!$B$2:$B$187,REFS!$F$2:$F$187,"-") -> -
A14: X1.CH.13 | C14: usrin.13 | D14: x | E14: =_xlfn.XLOOKUP($D14,REFS!$B$2:$B$187,REFS!$F$2:$F$187,"-") -> -
A15: X1.CH.14 | C15: usrin.14 | D15: x | E15: =_xlfn.XLOOKUP($D15,REFS!$B$2:$B$187,REFS!$F$2:$F$187,"-") -> -
A16: X1.CH.15 | B16: Organ | C16: usrin.15 | D16: Organ | E16: =_xlfn.XLOOKUP($D16,REFS!$B$2:$B$187,REFS!$F$2:$F$187,"-") -> cmx.L.in.15
A17: X1.CH.16 | B17: Room | C17: usrin.16 | D17: Room | E17: =_xlfn.XLOOKUP($D17,REFS!$B$2:$B$187,REFS!$F$2:$F$187,"-") -> cmx.L.in.16
A18: X1.CH.17 | B18: w1 Main in L | C18: usrin.17 | D18: x | E18: =_xlfn.XLOOKUP($D18,REFS!$B$2:$B$187,REFS!$F$2:$F$187,"-") -> -
A19: X1.CH.18 | B19: w1 Main in R | C19: usrin.18 | D19: x | E19: =_xlfn.XLOOKUP($D19,REFS!$B$2:$B$187,REFS!$F$2:$F$187,"-") -> -
A20: X1.CH.19 | B20: w1 Main in C | C20: usrin.19 | D20: x | E20: =_xlfn.XLOOKUP($D20,REFS!$B$2:$B$187,REFS!$F$2:$F$187,"-") -> -
A21: X1.CH.20 | B21: w1 Sub in | C21: usrin.20 | D21: x | E21: =_xlfn.XLOOKUP($D21,REFS!$B$2:$B$187,REFS!$F$2:$F$187,"-") -> -
A22: X1.CH.21 | B22: w1 M OvrChr in | C22: usrin.21 | D22: x | E22: =_xlfn.XLOOKUP($D22,REFS!$B$2:$B$187,REFS!$F$2:$F$187,"-") -> -
A23: X1.CH.22 | B23: w1 M Pno in | C23: usrin.22 | D23: x | E23: =_xlfn.XLOOKUP($D23,REFS!$B$2:$B$187,REFS!$F$2:$F$187,"-") -> -
A24: X1.CH.23 | B24: w1 M Org in | C24: usrin.23 | D24: x | E24: =_xlfn.XLOOKUP($D24,REFS!$B$2:$B$187,REFS!$F$2:$F$187,"-") -> -
A25: X1.CH.24 | B25: w1 M Gtr in | C25: usrin.24 | D25: x | E25: =_xlfn.XLOOKUP($D25,REFS!$B$2:$B$187,REFS!$F$2:$F$187,"-") -> -
A26: X1.CH.25 | B26: w1 M Vox in | C26: usrin.25 | D26: x | E26: =_xlfn.XLOOKUP($D26,REFS!$B$2:$B$187,REFS!$F$2:$F$187,"-") -> -
A27: X1.CH.26 | B27: w1 M Drum in | C27: usrin.26 | D27: x | E27: =_xlfn.XLOOKUP($D27,REFS!$B$2:$B$187,REFS!$F$2:$F$187,"-") -> -
A28: X1.CH.27 | C28: ="-" -> - | D28: x | E28: =_xlfn.XLOOKUP($D28,REFS!$B$2:$B$187,REFS!$F$2:$F$187,"-") -> -
A29: X1.CH.28 | C29: ="-" -> - | D29: x | E29: =_xlfn.XLOOKUP($D29,REFS!$B$2:$B$187,REFS!$F$2:$F$187,"-") -> -
A30: X1.CH.29 | C30: ="-" -> - | D30: x | E30: =_xlfn.XLOOKUP($D30,REFS!$B$2:$B$187,REFS!$F$2:$F$187,"-") -> -
A31: X1.CH.30 | C31: ="-" -> - | D31: x | E31: =_xlfn.XLOOKUP($D31,REFS!$B$2:$B$187,REFS!$F$2:$F$187,"-") -> -
A32: X1.CH.31 | C32: ="-" -> - | D32: x | E32: =_xlfn.XLOOKUP($D32,REFS!$B$2:$B$187,REFS!$F$2:$F$187,"-") -> -
A33: X1.CH.32 | C33: ="-" -> - | D33: x | E33: =_xlfn.XLOOKUP($D33,REFS!$B$2:$B$187,REFS!$F$2:$F$187,"-") -> -
A34: X1.Aux.1 | B34: BT-L (usrin.27) | C34: usrin.27 | D34: x | E34: =_xlfn.XLOOKUP($D34,REFS!$B$2:$B$187,REFS!$F$2:$F$187,"-") -> -
A35: X1.Aux.2 | B35: BT-R (usrin.28) | C35: usrin.28 | D35: x | E35: =_xlfn.XLOOKUP($D35,REFS!$B$2:$B$187,REFS!$F$2:$F$187,"-") -> -
A36: X1.Aux 3 | B36: CD-L (usrin.29) | C36: usrin.29 | D36: x | E36: =_xlfn.XLOOKUP($D36,REFS!$B$2:$B$187,REFS!$F$2:$F$187,"-") -> -
A37: X1.Aux.4 | B37: CD-R (usrin.30) | C37: usrin.30 | D37: x | E37: =_xlfn.XLOOKUP($D37,REFS!$B$2:$B$187,REFS!$F$2:$F$187,"-") -> -
A38: X1.Aux.5 | B38: PC-L (usrin.31) | C38: usrin.31 | D38: x | E38: =_xlfn.XLOOKUP($D38,REFS!$B$2:$B$187,REFS!$F$2:$F$187,"-") -> -
A39: X1.Aux.6 | B39: PC-R (usrin.32) | C39: usrin.32 | D39: x | E39: =_xlfn.XLOOKUP($D39,REFS!$B$2:$B$187,REFS!$F$2:$F$187,"-") -> -
A40: W1.CH.01 | B40: Group1 Spoken | D40: x | E40: =_xlfn.XLOOKUP($D40,REFS!$B$2:$B$187,REFS!$F$2:$F$187,"-") -> -
A41: W1.CH.02 | B41: Choir or Bells.01 | D41: Choir.01 | E41: =_xlfn.XLOOKUP($D41,REFS!$B$2:$B$187,REFS!$F$2:$F$187,"-") -> cm.DL16.2.01
A42: W1.CH.03 | B42: Choir or Bells.02 | D42: Choir.02 | E42: =_xlfn.XLOOKUP($D42,REFS!$B$2:$B$187,REFS!$F$2:$F$187,"-") -> cm.DL16.2.02
A43: W1.CH.04 | B43: Choir or Bells.03 | D43: Choir.03 | E43: =_xlfn.XLOOKUP($D43,REFS!$B$2:$B$187,REFS!$F$2:$F$187,"-") -> cm.DL16.2.03
A44: W1.CH.05 | B44: Choir or Bells.04 | D44: Choir.04 | E44: =_xlfn.XLOOKUP($D44,REFS!$B$2:$B$187,REFS!$F$2:$F$187,"-") -> cm.DL16.2.04
A45: W1.CH.06 | B45: Choir or Bells.05 | D45: Choir.05 | E45: =_xlfn.XLOOKUP($D45,REFS!$B$2:$B$187,REFS!$F$2:$F$187,"-") -> cm.DL16.2.05
A46: W1.CH.07 | B46: Choir or Bells.06 | D46: Choir.06 | E46: =_xlfn.XLOOKUP($D46,REFS!$B$2:$B$187,REFS!$F$2:$F$187,"-") -> cm.DL16.2.06
A47: W1.CH.08 | B47: Choir or Bells.07 | D47: Choir.07 | E47: =_xlfn.XLOOKUP($D47,REFS!$B$2:$B$187,REFS!$F$2:$F$187,"-") -> cm.DL16.2.07
A48: W1.CH.09 | B48: Choir or Bells.08 | D48: Choir.08 | E48: =_xlfn.XLOOKUP($D48,REFS!$B$2:$B$187,REFS!$F$2:$F$187,"-") -> cm.DL16.2.08
A49: W1.CH.10 | B49: SEN sing or skit.01 | D49: SEN.hh.01 | E49: =_xlfn.XLOOKUP($D49,REFS!$B$2:$B$187,REFS!$F$2:$F$187,"-") -> cm.DL16.1.11
A50: W1.CH.11 | B50: SEN sing or skit.02 | D50: SEN.hh.02 | E50: =_xlfn.XLOOKUP($D50,REFS!$B$2:$B$187,REFS!$F$2:$F$187,"-") -> cm.DL16.1.12
A51: W1.CH.12 | B51: SEN sing or skit.03 | D51: SEN.hh.03 | E51: =_xlfn.XLOOKUP($D51,REFS!$B$2:$B$187,REFS!$F$2:$F$187,"-") -> cm.DL16.1.13
... A60: W1.CH.21 | B60: SEN sing or skit.12 | D60: SEN.hh.12 | E60: =_xlfn.XLOOKUP($D60,REFS!$B$2:$B$187,REFS!$F$2:$F$187,"-") -> cmx.L.in.19
A61: W1.CH.22 | D61: x | E61: =_xlfn.XLOOKUP($D61,REFS!$B$2:$B$187,REFS!$F$2:$F$187,"-") -> -
A62: W1.CH.23 | D62: x | E62: =_xlfn.XLOOKUP($D62,REFS!$B$2:$B$187,REFS!$F$2:$F$187,"-") -> -
A63: W1.CH.24 | D63: x | E63: =_xlfn.XLOOKUP($D63,REFS!$B$2:$B$187,REFS!$F$2:$F$187,"-") -> -
A64: W1.CH.25 | D64: x | E64: =_xlfn.XLOOKUP($D64,REFS!$B$2:$B$187,REFS!$F$2:$F$187,"-") -> -
A65: W1.CH.26 | D65: x | E65: =_xlfn.XLOOKUP($D65,REFS!$B$2:$B$187,REFS!$F$2:$F$187,"-") -> -
A66: W1.CH.27 | D66: x | E66: =_xlfn.XLOOKUP($D66,REFS!$B$2:$B$187,REFS!$F$2:$F$187,"-") -> -
A67: W1.CH.28 | D67: x | E67: =_xlfn.XLOOKUP($D67,REFS!$B$2:$B$187,REFS!$F$2:$F$187,"-") -> -
A68: W1.CH.29 | D68: x | E68: =_xlfn.XLOOKUP($D68,REFS!$B$2:$B$187,REFS!$F$2:$F$187,"-") -> -
A69: W1.CH.30 | D69: x | E69: =_xlfn.XLOOKUP($D69,REFS!$B$2:$B$187,REFS!$F$2:$F$187,"-") -> -
A70: W1.CH.31 | D70: x | E70: =_xlfn.XLOOKUP($D70,REFS!$B$2:$B$187,REFS!$F$2:$F$187,"-") -> -
A71: W1.CH.32 | D71: x | E71: =_xlfn.XLOOKUP($D71,REFS!$B$2:$B$187,REFS!$F$2:$F$187,"-") -> -
A72: W1.CH.33 | D72: x | E72: =_xlfn.XLOOKUP($D72,REFS!$B$2:$B$187,REFS!$F$2:$F$187,"-") -> -
... A76: W1.CH.37 | D76: x | E76: =_xlfn.XLOOKUP($D76,REFS!$B$2:$B$187,REFS!$F$2:$F$187,"-") -> -
A77: W1.CH.38 | B77: SFX PC (st) | E77: =_xlfn.XLOOKUP($D77,REFS!$B$2:$B$187,REFS!$F$2:$F$187,"-") -> 0
A78: W1.CH.39 | B78: VOX fr Ext (st) | E78: =_xlfn.XLOOKUP($D78,REFS!$B$2:$B$187,REFS!$F$2:$F$187,"-") -> 0
A79: W1.CH.40 | B79: INST fr Ext (st) | E79: =_xlfn.XLOOKUP($D79,REFS!$B$2:$B$187,REFS!$F$2:$F$187,"-") -> 0
E80: =_xlfn.XLOOKUP($D80,REFS!$B$2:$B$187,REFS!$F$2:$F$187,"-") -> 0
A81: W2.CH.01 | B81: Piano 1 | D81: Piano | E81: =_xlfn.XLOOKUP($D81,REFS!$B$2:$B$187,REFS!$F$2:$F$187,"-") -> cm.DL16.2.09
A82: W2.CH.02 | B82: Piano 2 | E82: =_xlfn.XLOOKUP($D82,REFS!$B$2:$B$187,REFS!$F$2:$F$187,"-") -> 0
A83: W2.CH.03 | B83: BG 1 | D83: BG | E83: =_xlfn.XLOOKUP($D83,REFS!$B$2:$B$187,REFS!$F$2:$F$187,"-") -> cm.DL16.1.03
A84: W2.CH.04 | B84: BG 2 | E84: =_xlfn.XLOOKUP($D84,REFS!$B$2:$B$187,REFS!$F$2:$F$187,"-") -> 0
A85: W2.CH.05 | B85: EG 1 | E85: =_xlfn.XLOOKUP($D85,REFS!$B$2:$B$187,REFS!$F$2:$F$187,"-") -> 0
A86: W2.CH.06 | B86: EG 2 | E86: =_xlfn.XLOOKUP($D86,REFS!$B$2:$B$187,REFS!$F$2:$F$187,"-") -> 0
A87: W2.CH.07 | B87: AG 1 | E87: =_xlfn.XLOOKUP($D87,REFS!$B$2:$B$187,REFS!$F$2:$F$187,"-") -> 0
A88: W2.CH.08 | B88: AG 2 | E88: =_xlfn.XLOOKUP($D88,REFS!$B$2:$B$187,REFS!$F$2:$F$187,"-") -> 0
A89: W2.CH.09 | B89: Banjo | E89: =_xlfn.XLOOKUP($D89,REFS!$B$2:$B$187,REFS!$F$2:$F$187,"-") -> 0
A90: W2.CH.10 | B90: Kick | E90: =_xlfn.XLOOKUP($D90,REFS!$B$2:$B$187,REFS!$F$2:$F$187,"-") -> 0
A91: W2.CH.11 | B91: Snare | E91: =_xlfn.XLOOKUP($D91,REFS!$B$2:$B$187,REFS!$F$2:$F$187,"-") -> 0
A92: W2.CH.12 | B92: OHL | E92: =_xlfn.XLOOKUP($D92,REFS!$B$2:$B$187,REFS!$F$2:$F$187,"-") -> 0
A93: W2.CH.13 | B93: OHR | E93: =_xlfn.XLOOKUP($D93,REFS!$B$2:$B$187,REFS!$F$2:$F$187,"-") -> 0
A94: W2.CH.14 | B94: Bone.1 | E94: =_xlfn.XLOOKUP($D94,REFS!$B$2:$B$187,REFS!$F$2:$F$187,"-") -> 0
A95: W2.CH.15 | B95: Bone.2 | E95: =_xlfn.XLOOKUP($D95,REFS!$B$2:$B$187,REFS!$F$2:$F$187,"-") -> 0
... A116: W2.CH.36 | B116: Timpani.04 | E116: =_xlfn.XLOOKUP($D116,REFS!$B$2:$B$187,REFS!$F$2:$F$187,"-") -> 0
A117: W2.CH.37 | E117: =_xlfn.XLOOKUP($D117,REFS!$B$2:$B$187,REFS!$F$2:$F$187,"-") -> 0
A118: W2.CH.38 | E118: =_xlfn.XLOOKUP($D118,REFS!$B$2:$B$187,REFS!$F$2:$F$187,"-") -> 0
A119: W2.CH.39 | E119: =_xlfn.XLOOKUP($D119,REFS!$B$2:$B$187,REFS!$F$2:$F$187,"-") -> 0
A120: W2.CH.40 | E120: =_xlfn.XLOOKUP($D120,REFS!$B$2:$B$187,REFS!$F$2:$F$187,"-") -> 0
